instance,best_cost,weighted,unweighted,any-time?
abstraction-refinement_wt-downcast-antlr.wcnf,76250,TRUE,FALSE,TRUE
abstraction-refinement_wt-downcast-avrora.wcnf,46642,TRUE,FALSE,TRUE
abstraction-refinement_wt-downcast-hsqldb.wcnf,30207,TRUE,FALSE,TRUE
abstraction-refinement_wt-downcast-pmd.wcnf,4227,TRUE,FALSE,TRUE
abstraction-refinement_wt-downcast-xalan.wcnf,65491,TRUE,FALSE,TRUE
abstraction-refinement_wt-polysite-avrora.wcnf,51801,TRUE,FALSE,TRUE
abstraction-refinement_wt-polysite-bloat.wcnf,36,TRUE,FALSE,TRUE
abstraction-refinement_wt-polysite-hsqldb.wcnf,172382,TRUE,FALSE,TRUE
abstraction-refinement_wt-polysite-lusearch.wcnf,421456,TRUE,FALSE,TRUE
abstraction-refinement_wt-polysite-pmd.wcnf,188398,TRUE,FALSE,TRUE
abstraction-refinement_wt-polysite-xalan.wcnf,114620,TRUE,FALSE,TRUE
af-synthesis_wt-af-synthesis_stb_50_100_4.wcnf,123,TRUE,FALSE,TRUE
af-synthesis_wt-af-synthesis_stb_50_120_5.wcnf,114,TRUE,FALSE,TRUE
af-synthesis_wt-af-synthesis_stb_50_140_0.wcnf,120,TRUE,FALSE,TRUE
af-synthesis_wt-af-synthesis_stb_50_140_1.wcnf,127,TRUE,FALSE,TRUE
af-synthesis_wt-af-synthesis_stb_50_140_7.wcnf,109,TRUE,FALSE,TRUE
af-synthesis_wt-af-synthesis_stb_50_160_1.wcnf,108,TRUE,FALSE,TRUE
af-synthesis_wt-af-synthesis_stb_50_160_5.wcnf,113,TRUE,FALSE,TRUE
af-synthesis_wt-af-synthesis_stb_50_160_9.wcnf,113,TRUE,FALSE,TRUE
af-synthesis_wt-af-synthesis_stb_50_20_4.wcnf,117,TRUE,FALSE,TRUE
af-synthesis_wt-af-synthesis_stb_50_20_8.wcnf,120,TRUE,FALSE,TRUE
af-synthesis_wt-af-synthesis_stb_50_200_0.wcnf,124,TRUE,FALSE,TRUE
af-synthesis_wt-af-synthesis_stb_50_200_5.wcnf,102,TRUE,FALSE,TRUE
af-synthesis_wt-af-synthesis_stb_50_40_0.wcnf,111,TRUE,FALSE,TRUE
af-synthesis_wt-af-synthesis_stb_50_40_6.wcnf,115,TRUE,FALSE,TRUE
af-synthesis_wt-af-synthesis_stb_50_40_8.wcnf,117,TRUE,FALSE,TRUE
auctions_wt-cat_paths_60_150_0004.txt.wcnf,93389,TRUE,FALSE,FALSE
auctions_wt-cat_paths_60_70_0007.txt.wcnf,43384,TRUE,FALSE,FALSE
auctions_wt-cat_paths_60_90_0005.txt.wcnf,63761,TRUE,FALSE,FALSE
auctions_wt-cat_reg_60_150_0004.txt.wcnf,113503,TRUE,FALSE,FALSE
auctions_wt-cat_reg_60_200_0005.txt.wcnf,104732,TRUE,FALSE,FALSE
auctions_wt-cat_reg_60_220_0002.txt.wcnf,189259,TRUE,FALSE,FALSE
auctions_wt-cat_sched_60_100_0005.txt.wcnf,56308,TRUE,FALSE,FALSE
auctions_wt-cat_sched_60_160_0001.txt.wcnf,72012,TRUE,FALSE,FALSE
auctions_wt-cat_sched_60_160_0004.txt.wcnf,116193,TRUE,FALSE,FALSE
auctions_wt-cat_sched_60_190_0001.txt.wcnf,71645,TRUE,FALSE,FALSE
auctions_wt-cat_sched_60_190_0002.txt.wcnf,90463,TRUE,FALSE,FALSE
auctions_wt-cat_sched_60_200_0000.txt.wcnf,242832,TRUE,FALSE,FALSE
auctions_wt-cat_sched_60_200_0003.txt.wcnf,187411,TRUE,FALSE,FALSE
auctions_wt-cat_sched_60_70_0003.txt.wcnf,61169,TRUE,FALSE,FALSE
auctions_wt-cat_sched_60_90_0000.txt.wcnf,96833,TRUE,FALSE,FALSE
BTBNSL_wt-Rounded_BTWBNSL_alarm_100_1_3.scores_TWBound_3.wcnf,136550600,TRUE,FALSE,TRUE
BTBNSL_wt-Rounded_BTWBNSL_asia_10000_1_3.scores_TWBound_3.wcnf,2247205740,TRUE,FALSE,FALSE
BTBNSL_wt-Rounded_BTWBNSL_Flag.BIC_TWBound_3.wcnf,274985739,TRUE,FALSE,TRUE
BTBNSL_wt-Rounded_BTWBNSL_Flag.BIC_TWBound_4.wcnf,274907339,TRUE,FALSE,TRUE
BTBNSL_wt-Rounded_BTWBNSL_hailfinder_1000_1_3.scores_TWBound_2.wcnf,5247673868,TRUE,FALSE,TRUE
BTBNSL_wt-Rounded_BTWBNSL_hailfinder_1000_1_3.scores_TWBound_3.wcnf,5253148479,TRUE,FALSE,TRUE
BTBNSL_wt-Rounded_BTWBNSL_hailfinder_1000_1_3.scores_TWBound_4.wcnf,5247324551,TRUE,FALSE,TRUE
BTBNSL_wt-Rounded_BTWBNSL_hailfinder_10000_1_3.scores_TWBound_3.wcnf,50007681202,TRUE,FALSE,TRUE
BTBNSL_wt-Rounded_BTWBNSL_Hepatitis.BIC_TWBound4.wcnf,132258419,TRUE,FALSE,TRUE
BTBNSL_wt-Rounded_BTWBNSL_Horse.BIC_TWBound_2.wcnf,452466275,TRUE,FALSE,TRUE
BTBNSL_wt-Rounded_BTWBNSL_insurance_100_1_3.scores_TWBound_3.wcnf,170450495,TRUE,FALSE,TRUE
BTBNSL_wt-Rounded_BTWBNSL_insurance_1000_1_3.scores_TWBound_3.wcnf,1388734978,TRUE,FALSE,TRUE
BTBNSL_wt-Rounded_BTWBNSL_insurance_1000_1_3.scores_TWBound_4.wcnf,1388734978,TRUE,FALSE,TRUE
BTBNSL_wt-Rounded_BTWBNSL_Water_1000_1_2.scores_TWBound_3.wcnf,1326306453,TRUE,FALSE,TRUE
BTBNSL_wt-Rounded_BTWBNSL_Wine_TWBound_3.wcnf,127107900,TRUE,FALSE,TRUE
causal-discovery_wt-causal_Bands_6_277.wcnf,91349,TRUE,FALSE,TRUE
causal-discovery_wt-causal_Diabetes_8_1000.wcnf,54543894,TRUE,FALSE,FALSE
causal-discovery_wt-causal_hailfinder_7_100.wcnf,2036684,TRUE,FALSE,TRUE
causal-discovery_wt-causal_Horse.23_7_300.wcnf,98964,TRUE,FALSE,FALSE
causal-discovery_wt-causal_insurance_8_10000.wcnf,38605539,TRUE,FALSE,TRUE
causal-discovery_wt-causal_Mildew_8_1000.wcnf,69443335,TRUE,FALSE,TRUE
causal-discovery_wt-causal_n5_i10_N500_uai13_log_int.wcnf,75755143,TRUE,FALSE,FALSE
causal-discovery_wt-causal_n5_i5_N10000_uai13_log_int.wcnf,46030289,TRUE,FALSE,FALSE
causal-discovery_wt-causal_n6_i2_N500_uai13_log_int.wcnf,877436991,TRUE,FALSE,TRUE
causal-discovery_wt-causal_n7_i4_N500_uai14_log_int.wcnf,37532020924,TRUE,FALSE,TRUE
causal-discovery_wt-causal_n7_i5_N10000_uai14_log_int.wcnf,20711646820,TRUE,FALSE,FALSE
causal-discovery_wt-causal_n7_i8_N10000_uai14_log_int.wcnf,11486104693,TRUE,FALSE,FALSE
causal-discovery_wt-causal_n7_i8_N500_uai14_log_int.wcnf,11486104693,TRUE,FALSE,FALSE
causal-discovery_wt-causal_Water_10_100.wcnf,1885872,TRUE,FALSE,TRUE
causal-discovery_wt-causal_Water_7_380.wcnf,414473,TRUE,FALSE,FALSE
causal-discovery-causal_n5_i2_N500_uai13_harddeps_int.wcnf,1,FALSE,TRUE,FALSE
causal-discovery-causal_n5_i4_N500_uai13_harddeps_int.wcnf,1,FALSE,TRUE,FALSE
causal-discovery-causal_n5_i5_N10000_uai13_constant_int.wcnf,1,FALSE,TRUE,FALSE
causal-discovery-causal_n5_i7_N1000_uai13_harddeps_int.wcnf,1,FALSE,TRUE,FALSE
causal-discovery-causal_n5_i8_N10000_uai13_harddeps_int.wcnf,1,FALSE,TRUE,FALSE
causal-discovery-causal_n6_i1_N500_uai13_harddeps_int.wcnf,1,FALSE,TRUE,TRUE
causal-discovery-causal_n6_i4_N500_uai14_constant_int.wcnf,1,FALSE,TRUE,FALSE
causal-discovery-causal_n6_i5_N10000_uai13_harddeps_int.wcnf,1,FALSE,TRUE,FALSE
causal-discovery-causal_n6_i7_N1000_uai14_harddeps_int.wcnf,1,FALSE,TRUE,FALSE
causal-discovery-causal_n6_i8_N1000_uai14_constant_int.wcnf,1,FALSE,TRUE,FALSE
causal-discovery-causal_n6_i9_N1000_uai14_constant_int.wcnf,1,FALSE,TRUE,FALSE
causal-discovery-causal_n6_i9_N10000_uai14_constant_int.wcnf,1,FALSE,TRUE,FALSE
causal-discovery-causal_n7_i8_N1000_uai14_constant_int.wcnf,1,FALSE,TRUE,FALSE
causal-discovery-causal_n7_i8_N10000_uai14_constant_int.wcnf,1,FALSE,TRUE,FALSE
causal-discovery-causal_n7_i9_N500_uai14_constant_int.wcnf,1,FALSE,TRUE,FALSE
c-inference-pre-processing_c_inference_50_56_fq1.wcnf,0,FALSE,TRUE,FALSE
c-inference-pre-processing_c_inference_50_56_vq12.wcnf,0,FALSE,TRUE,FALSE
c-inference-pre-processing_c_inference_50_64_v38.wcnf,0,FALSE,TRUE,FALSE
c-inference-pre-processing_c_inference_50_65_vq16.wcnf,0,FALSE,TRUE,FALSE
c-inference-pre-processing_c_inference_60_0_fq16.wcnf,0,FALSE,TRUE,FALSE
c-inference-pre-processing_c_inference_60_56_fq5.wcnf,0,FALSE,TRUE,FALSE
c-inference-pre-processing_c_inference_60_57_fq6.wcnf,0,FALSE,TRUE,FALSE
c-inference-pre-processing_c_inference_60_59_v50.wcnf,0,FALSE,TRUE,FALSE
c-inference-pre-processing_c_inference_60_61_vq11.wcnf,0,FALSE,TRUE,FALSE
c-inference-pre-processing_c_inference_60_63_vq12.wcnf,0,FALSE,TRUE,FALSE
c-inference-pre-processing_c_inference_60_66_fq5.wcnf,0,FALSE,TRUE,FALSE
c-inference-pre-processing_c_inference_60_90_fq20.wcnf,0,FALSE,TRUE,FALSE
c-inference-pre-processing_c_inference_70_96_f37.wcnf,0,FALSE,TRUE,FALSE
c-inference-pre-processing_c_inference_70_97_fq1.wcnf,0,FALSE,TRUE,FALSE
c-inference-pre-processing_c_inference_70_99_vq20.wcnf,0,FALSE,TRUE,FALSE
c-inference-pre-processing_c_inference_80_0_fq16.wcnf,0,FALSE,TRUE,FALSE
c-inference-pre-processing_c_inference_80_1_fq10.wcnf,0,FALSE,TRUE,FALSE
c-inference-pre-processing_c_inference_90_36_vq15.wcnf,0,FALSE,TRUE,FALSE
CircuitDebuggingProblems-ac97_ctrl-debug.dimacs.wcnf,1,FALSE,TRUE,FALSE
CircuitDebuggingProblems-divider-debug.dimacs.wcnf,1,FALSE,TRUE,FALSE
CircuitDebuggingProblems-mem_ctrl-debug.dimacs.wcnf,1,FALSE,TRUE,FALSE
CircuitDebuggingProblems-mrisc-debug.dimacs.wcnf,1,FALSE,TRUE,FALSE
CircuitDebuggingProblems-rsdecoder-debug.dimacs.wcnf,1,FALSE,TRUE,TRUE
CircuitDebuggingProblems-spi-debug.dimacs.wcnf,1,FALSE,TRUE,TRUE
CircuitDebuggingProblems-sudoku-debug.dimacs.wcnf,1,FALSE,TRUE,FALSE
CircuitDebuggingProblems-vga-debug.dimacs.wcnf,1,FALSE,TRUE,FALSE
CircuitDebuggingProblems-wb-debug.dimacs.wcnf,2,FALSE,TRUE,FALSE
CircuitTraceCompaction-ctrl.wcnf,2,FALSE,TRUE,FALSE
CircuitTraceCompaction-mrisc_mem2wire.wcnf,2,FALSE,TRUE,FALSE
CircuitTraceCompaction-spi.wcnf,2,FALSE,TRUE,FALSE
CircuitTraceCompaction-sudoku.wcnf,2,FALSE,TRUE,FALSE
close_solutions-SAT_RACE06__velev-pipe-sat-1.0-b9.cnf.wcnf.8.wcnf,2,FALSE,TRUE,TRUE
close_solutions-SAT02__industrial__goldberg__fpga_routing__vda_gr_rcs_w9.shuffled.cnf.wcnf.8.wcnf,2,FALSE,TRUE,FALSE
close_solutions-SAT04__industrial__velev__pipe-sat-1-1__12pipe_bug4_q0.used-as.sat04-723.cnf.wcnf.8.wcnf,2,FALSE,TRUE,TRUE
close_solutions-SAT04__industrial__velev__pipe-sat-1-1__12pipe_bug6_q0.used-as.sat04-725.cnf.wcnf.3.wcnf,2,FALSE,TRUE,TRUE
close_solutions-SAT07__industrial__vliw_sat_4.0__9vliw_m_9stages_iq3_C1_bug6.cnf.wcnf.4.wcnf,2,FALSE,TRUE,TRUE
close_solutions-SAT11__application__fuhs__AProVE11__AProVE11-16.cnf.wcnf.1.wcnf,2,FALSE,TRUE,TRUE
close_solutions-SAT11__application__jarvisalo__AAAI2010-SATPlanning__aaai10-planning-ipc5-pipesworld-12-step16.cnf.wcnf.2.wcnf,1,FALSE,TRUE,FALSE
close_solutions-SAT11__application__jarvisalo__AAAI2010-SATPlanning__aaai10-planning-ipc5-pipesworld-18-step16.cnf.wcnf.4.wcnf,1,FALSE,TRUE,FALSE
close_solutions-SAT11__application__jarvisalo__smtqfbv-aigs__smtlib-qfbv-aigs-bin_libsmbsharemodes_vc5759-tseitin.cnf.wcnf.2.wcnf,3,FALSE,TRUE,FALSE
close_solutions-SAT11__application__jarvisalo__smtqfbv-aigs__smtlib-qfbv-aigs-rfunit_flat-64-tseitin.cnf.wcnf.8.wcnf,3,FALSE,TRUE,FALSE
close_solutions-SAT11__application__leberre__2dimensionalstrippacking__E05F18.cnf.wcnf.9.wcnf,3,FALSE,TRUE,FALSE
close_solutions-SAT11__application__manthey__traffic__traffic_3_uc_sat.cnf.wcnf.3.wcnf,3,FALSE,TRUE,FALSE
close_solutions-SAT11__application__rintanen__SATPlanning__openstacks-sequencedstrips-nonadl-nonnegated-os-sequencedstrips-p30_3.085-SAT.cnf.wcnf.1.wcnf,3,FALSE,TRUE,FALSE
close_solutions-teams16_l6a.cnf.wcnf,3,FALSE,TRUE,FALSE
close_solutions-teams20_l5a.cnf.wcnf,3,FALSE,TRUE,FALSE
ConsistentQueryAnswering-real-2.wcnf,3,FALSE,TRUE,FALSE
ConsistentQueryAnswering-real-6.wcnf,3,FALSE,TRUE,FALSE
ConsistentQueryAnswering-synthetic-10.wcnf,3,FALSE,TRUE,FALSE
ConsistentQueryAnswering-synthetic-12.wcnf,3,FALSE,TRUE,FALSE
ConsistentQueryAnswering-synthetic-13.wcnf,3,FALSE,TRUE,FALSE
ConsistentQueryAnswering-synthetic-15.wcnf,3,FALSE,TRUE,FALSE
ConsistentQueryAnswering-synthetic-18.wcnf,4,FALSE,TRUE,FALSE
ConsistentQueryAnswering-synthetic-2.wcnf,4,FALSE,TRUE,FALSE
ConsistentQueryAnswering-synthetic-20.wcnf,4,FALSE,TRUE,FALSE
ConsistentQueryAnswering-synthetic-21.wcnf,4,FALSE,TRUE,FALSE
ConsistentQueryAnswering-synthetic-3.wcnf,4,FALSE,TRUE,FALSE
ConsistentQueryAnswering-synthetic-5.wcnf,4,FALSE,TRUE,FALSE
ConsistentQueryAnswering-synthetic-6.wcnf,4,FALSE,TRUE,FALSE
ConsistentQueryAnswering-synthetic-7.wcnf,4,FALSE,TRUE,FALSE
ConsistentQueryAnswering-synthetic-8.wcnf,4,FALSE,TRUE,FALSE
correlation-clustering_wt-Rounded_CorrelationClustering_Ionosphere_BINARY_N280_D0.200.wcnf,7176694,TRUE,FALSE,TRUE
correlation-clustering_wt-Rounded_CorrelationClustering_Ionosphere_BINARY_N300_D0.200.wcnf,8082075,TRUE,FALSE,TRUE
correlation-clustering_wt-Rounded_CorrelationClustering_Orl_BINARY_N300_D0.200.wcnf,4355327,TRUE,FALSE,FALSE
correlation-clustering_wt-Rounded_CorrelationClustering_Protein1_BINARY_N240.wcnf,13029842,TRUE,FALSE,FALSE
correlation-clustering_wt-Rounded_CorrelationClustering_Protein1_BINARY_N320.wcnf,19711940,TRUE,FALSE,TRUE
correlation-clustering_wt-Rounded_CorrelationClustering_Protein1_BINARY_N400.wcnf,32719676,TRUE,FALSE,TRUE
correlation-clustering_wt-Rounded_CorrelationClustering_Protein1_TRANSITIVE_N270.wcnf,15714757,TRUE,FALSE,TRUE
correlation-clustering_wt-Rounded_CorrelationClustering_Protein1_UNARY_N250.wcnf,14205411,TRUE,FALSE,TRUE
correlation-clustering_wt-Rounded_CorrelationClustering_Protein2_TRANSITIVE_N120.wcnf,5072948,TRUE,FALSE,FALSE
correlation-clustering_wt-Rounded_CorrelationClustering_Protein3_TRANSITIVE_N200.wcnf,12826525,TRUE,FALSE,TRUE
correlation-clustering_wt-Rounded_CorrelationClustering_Protein3_TRANSITIVE_N220.wcnf,13890288,TRUE,FALSE,TRUE
correlation-clustering_wt-Rounded_CorrelationClustering_Protein4_BINARY_N360.wcnf,15658391,TRUE,FALSE,TRUE
correlation-clustering_wt-Rounded_CorrelationClustering_Protein4_BINARY_N400.wcnf,18303251,TRUE,FALSE,TRUE
correlation-clustering_wt-Rounded_CorrelationClustering_Protein4_TRANSITIVE_N190.wcnf,3553940,TRUE,FALSE,TRUE
correlation-clustering_wt-Rounded_CorrelationClustering_Vowel_BINARY_N700_D0.200.wcnf,72335832,TRUE,FALSE,TRUE
CSG_wt-CSG140-140-46.wcnf,16960,TRUE,FALSE,FALSE
CSG_wt-CSG140-140-6.wcnf,52385,TRUE,FALSE,TRUE
CSG_wt-CSG150-150-55.wcnf,27533,TRUE,FALSE,FALSE
CSG_wt-CSG40-40-95.wcnf,8847,TRUE,FALSE,FALSE
CSG_wt-CSG60-60-88.wcnf,7714,TRUE,FALSE,FALSE
CSG_wt-CSGNaive140-140-0.wcnf,18185,TRUE,FALSE,FALSE
CSG_wt-CSGNaive140-140-6.wcnf,56309,TRUE,FALSE,TRUE
CSG_wt-CSGNaive150-150-55.wcnf,30495,TRUE,FALSE,FALSE
CSG_wt-CSGNaive60-60-53.wcnf,9829,TRUE,FALSE,FALSE
CSG_wt-CSGNaive70-70-91.wcnf,11177,TRUE,FALSE,FALSE
css-refactoring_wt-amazon.dimacs.wcnf,113575,TRUE,FALSE,FALSE
css-refactoring_wt-archlinux.dimacs.wcnf,11744,TRUE,FALSE,FALSE
css-refactoring_wt-dblp.dimacs.wcnf,25014,TRUE,FALSE,FALSE
css-refactoring_wt-ebay.dimacs.wcnf,123941,TRUE,FALSE,FALSE
css-refactoring_wt-facebook1.dimacs.wcnf,45581,TRUE,FALSE,FALSE
css-refactoring_wt-github.dimacs.wcnf,187405,TRUE,FALSE,FALSE
css-refactoring_wt-guardian.dimacs.wcnf,160777,TRUE,FALSE,FALSE
css-refactoring_wt-londonist.dimacs.wcnf,70703,TRUE,FALSE,FALSE
css-refactoring_wt-openstreetmap.dimacs.wcnf,65915,TRUE,FALSE,FALSE
css-refactoring_wt-wikipedia.dimacs.wcnf,42676,TRUE,FALSE,FALSE
css-refactoring_wt-youtube.dimacs.wcnf,227167,TRUE,FALSE,FALSE
dalculus_wt-f1-DataDisplay_0_order4.seq-A-2-combined-irabcde.wcnf,2220415,TRUE,FALSE,FALSE
dalculus_wt-f1-DataDisplay_0_order4.seq-A-3-1-abcdeir.wcnf,3507317,TRUE,FALSE,FALSE
dalculus_wt-f1-DataDisplay_0_order4.seq-A-3-combined-EDCBAir.wcnf,6240245,TRUE,FALSE,FALSE
dalculus_wt-f1-DataDisplay_0_order4.seq-B-2-2-irEDCBA.wcnf,2273346,TRUE,FALSE,FALSE
dalculus_wt-f1-DataDisplay_0_order4.seq-B-2-combined-EDCBAir.wcnf,5876811,TRUE,FALSE,FALSE
dalculus_wt-f1-DataDisplay_0_order4.seq-B-3-2-abcdeir.wcnf,328661,TRUE,FALSE,FALSE
dalculus_wt-f1-DataDisplay_0_order4.seq-B-3-combined-EDCBAir.wcnf,6029693,TRUE,FALSE,FALSE
dalculus_wt-f49-DC_TotalLoss.seq-A-2-combined-irabcde.wcnf,14735114187,TRUE,FALSE,FALSE
dalculus_wt-f49-DC_TotalLoss.seq-A-3-1-EDCBAir.wcnf,119565855313,TRUE,FALSE,FALSE
dalculus_wt-f49-DC_TotalLoss.seq-B-2-2-irEDCBA.wcnf,14779157155,TRUE,FALSE,FALSE
dalculus_wt-f49-DC_TotalLoss.seq-B-2-combined-abcdeir.wcnf,44321234,TRUE,FALSE,FALSE
dalculus_wt-f49-DC_TotalLoss.seq-B-2-combined-irabcde.wcnf,14734224771,TRUE,FALSE,FALSE
dalculus_wt-f49-DC_TotalLoss.seq-B-2-combined-irEDCBA.wcnf,14778847207,TRUE,FALSE,FALSE
dalculus_wt-f49-DC_TotalLoss.seq-B-3-1-abcdeir.wcnf,1140346276,TRUE,FALSE,FALSE
dalculus_wt-f49-DC_TotalLoss.seq-B-3-combined-irEDCBA.wcnf,87221947078,TRUE,FALSE,FALSE
decision-tree-australian-credit-un-formula_0.8_2021_atleast_127_max-6_reduced_incomplete_tree.wcnf,4,FALSE,TRUE,TRUE
decision-tree-australian-credit-un-formula_0.8_2021_atleast_15_max-3_reduced_incomplete_adaboost_2.wcnf,131,TRUE,FALSE,TRUE
decision-tree-australian-credit-un-formula_0.8_2021_atleast_15_max-3_reduced_incomplete_adaboost_5.wcnf,390,TRUE,FALSE,TRUE
decision-tree-australian-credit-un-formula_0.8_2021_atleast_63_max-5_reduced_incomplete_adaboost_3.wcnf,186,TRUE,FALSE,TRUE
decision-tree-australian-credit-un-formula_0.8_2021_atleast_63_max-5_reduced_incomplete_adaboost_5.wcnf,309,TRUE,FALSE,TRUE
decision-tree-australian-credit-un-formula_0.8_2021_atleast_63_max-5_reduced_incomplete_tree.wcnf,4,FALSE,TRUE,TRUE
decision-tree-car-un-formula_0.8_2021_atleast_15_max-3_reduced_incomplete_tree.wcnf,4,FALSE,TRUE,TRUE
decision-tree-heart-cleveland-un-formula_0.8_2021_atleast_127_max-6_reduced_incomplete_adaboost_5.wcnf,93,TRUE,FALSE,TRUE
decision-tree-heart-cleveland-un-formula_0.8_2021_atleast_15_max-3_reduced_incomplete_adaboost_5.wcnf,122,TRUE,FALSE,TRUE
decision-tree-heart-cleveland-un-formula_0.8_2021_atleast_15_max-3_reduced_incomplete_adaboost_6.wcnf,174,TRUE,FALSE,TRUE
decision-tree-hypothyroid-un-formula_0.8_2021_atleast_127_max-6_reduced_incomplete_tree.wcnf,4,FALSE,TRUE,TRUE
decision-tree-kr-vs-kp-un-formula_0.8_2021_atleast_127_max-6_reduced_incomplete_tree.wcnf,4,FALSE,TRUE,TRUE
decision-tree-kr-vs-kp-un-formula_0.8_2021_atleast_31_max-4_reduced_incomplete_tree.wcnf,4,FALSE,TRUE,TRUE
decision-tree-mushroom-un-formula_0.8_2021_atleast_127_max-6_reduced_incomplete_tree.wcnf,0,FALSE,TRUE,TRUE
decision-tree-primary-tumor-un-formula_0.8_2021_atleast_127_max-6_reduced_incomplete_adaboost_4.wcnf,77,TRUE,FALSE,TRUE
decision-tree-primary-tumor-un-formula_0.8_2021_atleast_15_max-3_reduced_incomplete_adaboost_2.wcnf,67,TRUE,FALSE,TRUE
decision-tree-primary-tumor-un-formula_0.8_2021_atleast_31_max-4_reduced_incomplete_adaboost_3.wcnf,108,TRUE,FALSE,TRUE
decision-tree-primary-tumor-un-formula_0.8_2021_atleast_63_max-5_reduced_incomplete_adaboost_4.wcnf,124,TRUE,FALSE,TRUE
decision-tree-primary-tumor-un-formula_0.8_2021_atleast_63_max-5_reduced_incomplete_adaboost_5.wcnf,174,TRUE,FALSE,TRUE
decision-tree-soybean-un-formula_0.8_2021_atleast_127_max-6_reduced_incomplete_tree.wcnf,4,FALSE,TRUE,TRUE
decision-tree-soybean-un-formula_0.8_2021_atleast_15_max-3_reduced_incomplete_tree.wcnf,4,FALSE,TRUE,TRUE
decision-tree-soybean-un-formula_0.8_2021_atleast_31_max-4_reduced_incomplete_tree.wcnf,4,FALSE,TRUE,TRUE
decision-tree-soybean-un-formula_0.8_2021_atleast_63_max-5_reduced_incomplete_tree.wcnf,5,FALSE,TRUE,TRUE
decision-tree-splice-1-un-formula_0.8_2021_atleast_127_max-6_reduced_incomplete_tree.wcnf,5,FALSE,TRUE,TRUE
decision-tree-splice-1-un-formula_0.8_2021_atleast_31_max-4_reduced_incomplete_tree.wcnf,5,FALSE,TRUE,TRUE
decision-tree-tic-tac-toe-un-formula_0.8_2021_atleast_127_max-6_reduced_incomplete_adaboost_3.wcnf,149,TRUE,FALSE,TRUE
decision-tree-tic-tac-toe-un-formula_0.8_2021_atleast_127_max-6_reduced_incomplete_adaboost_5.wcnf,259,TRUE,FALSE,TRUE
decision-tree-tic-tac-toe-un-formula_0.8_2021_atleast_31_max-4_reduced_incomplete_adaboost_2.wcnf,177,TRUE,FALSE,TRUE
decision-tree-vote-un-formula_0.8_2021_atleast_15_max-3_reduced_incomplete_tree.wcnf,5,FALSE,TRUE,TRUE
decision-tree-vote-un-formula_0.8_2021_atleast_63_max-5_reduced_incomplete_tree.wcnf,0,FALSE,TRUE,TRUE
des-cnf.10.p.9.wcnf,5,FALSE,TRUE,FALSE
des-cnf.11.p.10.wcnf,5,FALSE,TRUE,FALSE
des-cnf.11.p.7.wcnf,5,FALSE,TRUE,FALSE
des-cnf.13.p.6.wcnf,5,FALSE,TRUE,FALSE
des-cnf.15.p.3.wcnf,5,FALSE,TRUE,FALSE
des-cnf.15.p.9.wcnf,5,FALSE,TRUE,FALSE
des-cnf.16.p.4.wcnf,5,FALSE,TRUE,FALSE
des-cnf.16.p.5.wcnf,5,FALSE,TRUE,FALSE
des-cnf.16.p.6.wcnf,6,FALSE,TRUE,TRUE
des-cnf.17.p.10.wcnf,6,FALSE,TRUE,TRUE
des-cnf.17.t.8.wcnf,6,FALSE,TRUE,FALSE
des-cnf.19.p.10.wcnf,6,FALSE,TRUE,TRUE
des-cnf.20.d.10.wcnf,6,FALSE,TRUE,FALSE
des-cnf.20.d.9.wcnf,6,FALSE,TRUE,FALSE
des-cnf.9.p.10.wcnf,6,FALSE,TRUE,FALSE
drmx-cryptogen_wt-geffe128_1.wcnf,800,TRUE,FALSE,FALSE
drmx-cryptogen_wt-geffe128_2.wcnf,800,TRUE,FALSE,FALSE
drmx-cryptogen_wt-geffe128_3.wcnf,800,TRUE,FALSE,FALSE
drmx-cryptogen_wt-geffe128_8.wcnf,800,TRUE,FALSE,FALSE
drmx-cryptogen_wt-geffe128_9.wcnf,800,TRUE,FALSE,FALSE
drmx-cryptogen_wt-threshold128_0.wcnf,800,TRUE,FALSE,TRUE
drmx-cryptogen_wt-threshold128_1.wcnf,800,TRUE,FALSE,TRUE
drmx-cryptogen_wt-threshold128_2.wcnf,800,TRUE,FALSE,TRUE
drmx-cryptogen_wt-threshold128_6.wcnf,800,TRUE,FALSE,TRUE
drmx-cryptogen_wt-threshold128_8.wcnf,800,TRUE,FALSE,TRUE
drmx-cryptogen_wt-wolfram72_0.wcnf,9288,TRUE,FALSE,FALSE
drmx-cryptogen_wt-wolfram72_1.wcnf,9288,TRUE,FALSE,FALSE
drmx-cryptogen_wt-wolfram72_6.wcnf,9288,TRUE,FALSE,FALSE
drmx-cryptogen_wt-wolfram80_7.wcnf,11440,TRUE,FALSE,FALSE
drmx-cryptogen_wt-wolfram80_8.wcnf,11440,TRUE,FALSE,FALSE
drmx-cryptogen-geffe128_0.wcnf,6,FALSE,TRUE,FALSE
drmx-cryptogen-geffe128_2.wcnf,7,FALSE,TRUE,FALSE
drmx-cryptogen-geffe128_8.wcnf,7,FALSE,TRUE,FALSE
drmx-cryptogen-threshold128_0.wcnf,7,FALSE,TRUE,FALSE
drmx-cryptogen-threshold128_1.wcnf,7,FALSE,TRUE,FALSE
drmx-cryptogen-threshold128_2.wcnf,7,FALSE,TRUE,FALSE
drmx-cryptogen-threshold128_6.wcnf,7,FALSE,TRUE,FALSE
drmx-cryptogen-wolfram72_0.wcnf,7,FALSE,TRUE,FALSE
drmx-cryptogen-wolfram72_4.wcnf,7,FALSE,TRUE,FALSE
drmx-cryptogen-wolfram72_5.wcnf,7,FALSE,TRUE,FALSE
drmx-cryptogen-wolfram72_8.wcnf,8,FALSE,TRUE,FALSE
drmx-cryptogen-wolfram80_0.wcnf,8,FALSE,TRUE,FALSE
drmx-cryptogen-wolfram80_4.wcnf,8,FALSE,TRUE,FALSE
drmx-cryptogen-wolfram80_7.wcnf,8,FALSE,TRUE,FALSE
drmx-cryptogen-wolfram80_8.wcnf,8,FALSE,TRUE,FALSE
extension-enforcement-extension-enforcement_non-strict_stb_200_0.05_0_10_3.wcnf,8,FALSE,TRUE,FALSE
extension-enforcement-extension-enforcement_non-strict_stb_200_0.05_3_10_1.wcnf,8,FALSE,TRUE,FALSE
extension-enforcement-extension-enforcement_non-strict_stb_200_0.05_3_10_4.wcnf,8,FALSE,TRUE,FALSE
extension-enforcement-extension-enforcement_non-strict_stb_200_0.05_4_10_0.wcnf,6,FALSE,TRUE,FALSE
extension-enforcement-extension-enforcement_non-strict_stb_200_0.05_4_10_2.wcnf,6,FALSE,TRUE,FALSE
extension-enforcement-extension-enforcement_non-strict_stb_200_0.1_2_10_1.wcnf,8,FALSE,TRUE,FALSE
extension-enforcement-extension-enforcement_non-strict_stb_200_0.1_4_10_2.wcnf,8,FALSE,TRUE,FALSE
extension-enforcement-extension-enforcement_strict_com_150_0.05_3_30_0.wcnf,9,FALSE,TRUE,FALSE
extension-enforcement-extension-enforcement_strict_com_150_0.1_2_15_0.wcnf,9,FALSE,TRUE,FALSE
extension-enforcement-extension-enforcement_strict_com_200_0.05_0_40_1.wcnf,9,FALSE,TRUE,FALSE
extension-enforcement-extension-enforcement_strict_com_200_0.05_1_40_1.wcnf,9,FALSE,TRUE,FALSE
extension-enforcement-extension-enforcement_strict_com_200_0.05_4_20_1.wcnf,9,FALSE,TRUE,FALSE
extension-enforcement-extension-enforcement_strict_com_200_0.05_4_20_4.wcnf,10,FALSE,TRUE,FALSE
extension-enforcement-extension-enforcement_strict_com_200_0.1_0_10_1.wcnf,10,FALSE,TRUE,FALSE
extension-enforcement-extension-enforcement_strict_com_200_0.2_1_10_0.wcnf,10,FALSE,TRUE,FALSE
fault-diagnosis-s00641_nan_explicit_3_0.wcnf,10,FALSE,TRUE,FALSE
fault-diagnosis-s01423_nan_explicit_4_0.wcnf,10,FALSE,TRUE,FALSE
fault-diagnosis-s01423_nan_explicit_7_0.wcnf,10,FALSE,TRUE,FALSE
fault-diagnosis-s38417_nan_explicit_11_0.wcnf,11,FALSE,TRUE,FALSE
fault-diagnosis-s38417_nan_explicit_13_0.wcnf,11,FALSE,TRUE,FALSE
fault-diagnosis-s38417_nan_explicit_18_0.wcnf,11,FALSE,TRUE,FALSE
fault-diagnosis-s38417_nan_explicit_27_0.wcnf,12,FALSE,TRUE,FALSE
fault-diagnosis-s38417_nan_explicit_6_0.wcnf,12,FALSE,TRUE,FALSE
fault-diagnosis-s38584_nan_explicit_15_0.wcnf,12,FALSE,TRUE,TRUE
fault-diagnosis-s38584_nan_explicit_16_0.wcnf,12,FALSE,TRUE,TRUE
fault-diagnosis-s38584_nan_explicit_18_0.wcnf,13,FALSE,TRUE,TRUE
fault-diagnosis-s38584_nan_explicit_25_0.wcnf,13,FALSE,TRUE,FALSE
fault-diagnosis-s38584_nan_explicit_27_0.wcnf,13,FALSE,TRUE,TRUE
fault-diagnosis-s38584_nan_explicit_33_0.wcnf,13,FALSE,TRUE,TRUE
fault-diagnosis-s38584_nan_explicit_46_0.wcnf,13,FALSE,TRUE,FALSE
frb_wt-frb10-6-1.wcnf,50,TRUE,FALSE,FALSE
frb_wt-frb10-6-5.wcnf,50,TRUE,FALSE,FALSE
frb_wt-frb15-9-1.wcnf,120,TRUE,FALSE,FALSE
frb_wt-frb15-9-4.wcnf,120,TRUE,FALSE,FALSE
frb_wt-frb20-11-1.wcnf,200,TRUE,FALSE,FALSE
frb_wt-frb20-11-2.wcnf,200,TRUE,FALSE,FALSE
frb_wt-frb20-11-3.wcnf,200,TRUE,FALSE,FALSE
frb_wt-frb20-11-5.wcnf,200,TRUE,FALSE,FALSE
frb_wt-frb25-13-2.wcnf,300,TRUE,FALSE,FALSE
frb_wt-frb30-15-1.wcnf,420,TRUE,FALSE,FALSE
frb_wt-frb30-15-3.wcnf,420,TRUE,FALSE,FALSE
frb_wt-frb35-17-2.wcnf,560,TRUE,FALSE,FALSE
frb_wt-frb35-17-3.wcnf,560,TRUE,FALSE,FALSE
frb_wt-frb40-19-3.wcnf,720,TRUE,FALSE,TRUE
frb_wt-frb40-19-4.wcnf,720,TRUE,FALSE,TRUE
frb-frb25-13-1.partial.wcnf,14,FALSE,TRUE,FALSE
frb-frb25-13-2.partial.wcnf,14,FALSE,TRUE,FALSE
frb-frb25-13-3.partial.wcnf,14,FALSE,TRUE,FALSE
frb-frb25-13-4.partial.wcnf,15,FALSE,TRUE,FALSE
frb-frb30-15-3.partial.wcnf,15,FALSE,TRUE,FALSE
frb-frb30-15-4.partial.wcnf,15,FALSE,TRUE,FALSE
frb-frb30-15-5.partial.wcnf,15,FALSE,TRUE,FALSE
frb-frb35-17-1.partial.wcnf,15,FALSE,TRUE,FALSE
frb-frb35-17-3.partial.wcnf,15,FALSE,TRUE,FALSE
frb-frb35-17-4.partial.wcnf,16,FALSE,TRUE,FALSE
frb-frb35-17-5.partial.wcnf,16,FALSE,TRUE,FALSE
frb-frb40-19-1.partial.wcnf,16,FALSE,TRUE,FALSE
frb-frb40-19-2.partial.wcnf,16,FALSE,TRUE,TRUE
frb-frb40-19-4.partial.wcnf,16,FALSE,TRUE,TRUE
frb-frb40-19-5.partial.wcnf,16,FALSE,TRUE,FALSE
gen-hyper-tw-GenHyperTW_2bitcomp_5.wcnf,16,FALSE,TRUE,TRUE
gen-hyper-tw-GenHyperTW_aim-50-1_6-yes1-3.wcnf,10,FALSE,TRUE,TRUE
gen-hyper-tw-GenHyperTW_atv_partial_system.wcnf,3,FALSE,TRUE,TRUE
gen-hyper-tw-GenHyperTW_b01.wcnf,5,FALSE,TRUE,TRUE
gen-hyper-tw-GenHyperTW_b02.wcnf,3,FALSE,TRUE,FALSE
gen-hyper-tw-GenHyperTW_b06.wcnf,4,FALSE,TRUE,TRUE
gen-hyper-tw-GenHyperTW_dubois29.wcnf,5,FALSE,TRUE,TRUE
gen-hyper-tw-GenHyperTW_flat30-1.wcnf,17,FALSE,TRUE,TRUE
gen-hyper-tw-GenHyperTW_flat30-99.wcnf,17,FALSE,TRUE,TRUE
gen-hyper-tw-GenHyperTW_grid3d_5.wcnf,10,FALSE,TRUE,TRUE
gen-hyper-tw-GenHyperTW_grid4d_3.wcnf,6,FALSE,TRUE,TRUE
gen-hyper-tw-GenHyperTW_grid5.wcnf,3,FALSE,TRUE,FALSE
gen-hyper-tw-GenHyperTW_hole8.wcnf,9,FALSE,TRUE,TRUE
gen-hyper-tw-GenHyperTW_par8-2-c.wcnf,7,FALSE,TRUE,TRUE
gen-hyper-tw-GenHyperTW_uf20-099.wcnf,6,FALSE,TRUE,TRUE
HaplotypeAssembly-splitedReads_0.matrix.wcnf,19,FALSE,TRUE,TRUE
HaplotypeAssembly-splitedReads_137.matrix.wcnf,19,FALSE,TRUE,FALSE
HaplotypeAssembly-splitedReads_158.matrix.wcnf,20,FALSE,TRUE,FALSE
HaplotypeAssembly-splitedReads_160.matrix.wcnf,20,FALSE,TRUE,FALSE
HaplotypeAssembly-splitedReads_18.matrix.wcnf,20,FALSE,TRUE,FALSE
HaplotypeAssembly-splitedReads_414.matrix.wcnf,20,FALSE,TRUE,FALSE
haplotyping-pedigrees_wt-ped2.B.recomb1-0.01-3.wcnf,6,TRUE,FALSE,FALSE
haplotyping-pedigrees_wt-ped2.G.recomb1-0.20-14.wcnf,5267,TRUE,FALSE,FALSE
haplotyping-pedigrees_wt-ped2.G.recomb10-0.01-3.wcnf,47737,TRUE,FALSE,FALSE
haplotyping-pedigrees_wt-ped2.G.recomb10-0.10-8.wcnf,55874,TRUE,FALSE,FALSE
haplotyping-pedigrees_wt-ped2.G.recomb10-0.10-9.wcnf,47741,TRUE,FALSE,FALSE
haplotyping-pedigrees_wt-ped2.G.recomb10-0.20-12.wcnf,54713,TRUE,FALSE,TRUE
haplotyping-pedigrees_wt-ped2.G.recomb10-0.20-13.wcnf,40755,TRUE,FALSE,TRUE
haplotyping-pedigrees_wt-ped2.G.recomb5-0.01-3.wcnf,31442,TRUE,FALSE,FALSE
haplotyping-pedigrees_wt-ped2.G.recomb5-0.01-5.wcnf,25054,TRUE,FALSE,FALSE
haplotyping-pedigrees_wt-ped3.D.recomb10-0.20-15.wcnf,689,TRUE,FALSE,FALSE
haplotyping-pedigrees_wt-ped3.F.recomb10-0.20-13.wcnf,2412,TRUE,FALSE,FALSE
haplotyping-pedigrees_wt-ped3.G.recomb10-0.01-1.wcnf,15748,TRUE,FALSE,FALSE
haplotyping-pedigrees_wt-ped3.G.recomb10-0.01-2.wcnf,16784,TRUE,FALSE,FALSE
haplotyping-pedigrees_wt-ped3.G.recomb10-0.10-9.wcnf,15407,TRUE,FALSE,FALSE
haplotyping-pedigrees_wt-ped3.G.recomb10-0.20-14.wcnf,11990,TRUE,FALSE,FALSE
hs-timetabling-GreeceWesternGreeceUniversityInstance4.xml.wcnf,20,FALSE,TRUE,TRUE
hs-timetabling-SouthAfricaWoodlands2009.xml.wcnf,0,FALSE,TRUE,FALSE
IMLIB-depressed_81_48_16_1_7_5.wcnf,6,TRUE,FALSE,FALSE
IMLIB-depressed_81_55_16_1_7_5.wcnf,6,TRUE,FALSE,FALSE
IMLIB-depressed_81_6_16_1_7_5.wcnf,4,TRUE,FALSE,FALSE
IMLIB-depressed_81_60_16_1_7_5.wcnf,2,TRUE,FALSE,FALSE
IMLIB-depressed_81_61_16_1_7_5.wcnf,6,TRUE,FALSE,FALSE
IMLIB-depressed_81_62_16_1_7_5.wcnf,4,TRUE,FALSE,FALSE
IMLIB-depressed_81_7_16_1_7_5.wcnf,9,TRUE,FALSE,FALSE
IMLIB-ionosphere_40_11_8_2_2_5.wcnf,5,TRUE,FALSE,FALSE
IMLIB-pima_44_13_16_1_6_5.wcnf,4,TRUE,FALSE,FALSE
IMLIB-pima_44_24_16_1_6_5.wcnf,4,TRUE,FALSE,FALSE
IMLIB-pima_44_27_16_1_6_5.wcnf,2,TRUE,FALSE,FALSE
IMLIB-pima_44_4_16_1_6_5.wcnf,4,TRUE,FALSE,FALSE
IMLIB-pima_44_42_15_1_6_5.wcnf,4,TRUE,FALSE,FALSE
IMLIB-transfusion_85_7_8_1_2_5.wcnf,5,TRUE,FALSE,FALSE
IMLIB-transfusion_85_8_8_1_2_5.wcnf,2,TRUE,FALSE,FALSE
IMLIB-wdbc_32_16_16_1_2_5.wcnf,4,TRUE,FALSE,FALSE
inconsistency-measurement-im-contension-A-2-grd_1697_5_7.tgf.pl.wcnf,20,FALSE,TRUE,TRUE
inconsistency-measurement-im-contension-A-2-grd_1948_5_1.tgf.pl.wcnf,20,FALSE,TRUE,TRUE
inconsistency-measurement-im-contension-A-2-grd_3018_3_7.tgf.pl.wcnf,20,FALSE,TRUE,TRUE
inconsistency-measurement-im-contension-A-2-grd_5178_1_1.tgf.pl.wcnf,21,FALSE,TRUE,TRUE
inconsistency-measurement-im-contension-C-1-grd_3018_3_7.tgf.pl.wcnf,21,FALSE,TRUE,TRUE
inconsistency-measurement-im-forgetting-A-2-WS_300_16_90_30.tgf.pl.wcnf,22,FALSE,TRUE,TRUE
inconsistency-measurement-im-forgetting-B-3-stb_339_393.tgf.pl.wcnf,22,FALSE,TRUE,TRUE
inconsistency-measurement-im-forgetting-B-3-stb_696_412.tgf.pl.wcnf,22,FALSE,TRUE,TRUE
inconsistency-measurement-im-forgetting-T-2-stb_265_466.tgf.pl.wcnf,22,FALSE,TRUE,TRUE
inconsistency-measurement-im-hit-A-2-WS_300_16_90_30.tgf.pl.wcnf,22,FALSE,TRUE,TRUE
inconsistency-measurement-im-hit-C-2-stb_304_352.tgf.pl.wcnf,23,FALSE,TRUE,TRUE
inconsistency-measurement-im-sum-A-2-stb_547_485.tgf.pl.wcnf,23,FALSE,TRUE,TRUE
inconsistency-measurement-im-sum-B-3-stb_390_450.tgf.pl.wcnf,23,FALSE,TRUE,TRUE
inconsistency-measurement-im-sum-B-3-stb_428_430.tgf.pl.wcnf,23,FALSE,TRUE,TRUE
inconsistency-measurement-im-sum-T-1-grd_2130_2_7.tgf.pl.wcnf,24,FALSE,TRUE,TRUE
judgment-aggregation-ja-kemeny-preflib-00043-00000180.wcnf,433,TRUE,FALSE,TRUE
judgment-aggregation-ja-kemeny-preflib-00049-00000107.wcnf,423,TRUE,FALSE,FALSE
judgment-aggregation-ja-kemeny-preflib-00049-00000287.wcnf,782,TRUE,FALSE,TRUE
judgment-aggregation-ja-kemeny-preflib-00049-00000300.wcnf,776,TRUE,FALSE,TRUE
judgment-aggregation-ja-kemeny-preflib-00049-00000334.wcnf,542,TRUE,FALSE,TRUE
judgment-aggregation-ja-kemeny-preflib-00049-00000353.wcnf,554,TRUE,FALSE,TRUE
judgment-aggregation-ja-kemeny-preflib-00049-00000377.wcnf,647,TRUE,FALSE,TRUE
judgment-aggregation-ja-kemeny-preflib-00049-00000405.wcnf,504,TRUE,FALSE,FALSE
judgment-aggregation-ja-kemeny-preflib-00049-00000451.wcnf,928,TRUE,FALSE,TRUE
judgment-aggregation-ja-kemeny-preflib-00049-00000454.wcnf,631,TRUE,FALSE,TRUE
judgment-aggregation-ja-kemeny-preflib-00049-00000468.wcnf,548,TRUE,FALSE,TRUE
judgment-aggregation-ja-kemeny-preflib-00049-00000614.wcnf,792,TRUE,FALSE,TRUE
judgment-aggregation-ja-kemeny-preflib-00051-00000007.wcnf,545,TRUE,FALSE,TRUE
judgment-aggregation-ja-kemeny-preflib-00051-00000009.wcnf,633,TRUE,FALSE,TRUE
judgment-aggregation-ja-kemeny-preflib-00051-00000011.wcnf,694,TRUE,FALSE,TRUE
judgment-aggregation-ja-maxham-preflib-00049-00000003.wcnf,24,FALSE,TRUE,TRUE
judgment-aggregation-ja-maxham-preflib-00049-00000092.wcnf,24,FALSE,TRUE,TRUE
judgment-aggregation-ja-maxham-preflib-00049-00000106.wcnf,24,FALSE,TRUE,TRUE
judgment-aggregation-ja-maxham-preflib-00049-00000272.wcnf,24,FALSE,TRUE,TRUE
judgment-aggregation-ja-maxham-preflib-00049-00000291.wcnf,24,FALSE,TRUE,TRUE
judgment-aggregation-ja-maxham-preflib-00049-00000304.wcnf,24,FALSE,TRUE,TRUE
judgment-aggregation-ja-maxham-preflib-00049-00000338.wcnf,24,FALSE,TRUE,TRUE
judgment-aggregation-ja-maxham-preflib-00049-00000511.wcnf,25,FALSE,TRUE,TRUE
judgment-aggregation-ja-maxham-preflib-00049-00000512.wcnf,25,FALSE,TRUE,TRUE
judgment-aggregation-ja-maxham-preflib-00049-00000516.wcnf,25,FALSE,TRUE,TRUE
judgment-aggregation-ja-maxham-preflib-00049-00000562.wcnf,26,FALSE,TRUE,TRUE
judgment-aggregation-ja-slater-preflib-00043-00000180.wcnf,26,FALSE,TRUE,TRUE
judgment-aggregation-ja-slater-preflib-00043-00000196.wcnf,26,FALSE,TRUE,TRUE
judgment-aggregation-ja-slater-preflib-00049-00000107.wcnf,26,FALSE,TRUE,TRUE
judgment-aggregation-ja-slater-preflib-00049-00000451.wcnf,27,FALSE,TRUE,TRUE
lisbon-wedding_wt-lisbon-wedding-10-17.wcnf,377,TRUE,FALSE,TRUE
lisbon-wedding_wt-lisbon-wedding-10-18.wcnf,378,TRUE,FALSE,TRUE
lisbon-wedding_wt-lisbon-wedding-1-18.wcnf,961,TRUE,FALSE,TRUE
lisbon-wedding_wt-lisbon-wedding-1-19.wcnf,-1,TRUE,FALSE,TRUE
lisbon-wedding_wt-lisbon-wedding-3-18.wcnf,-1,TRUE,FALSE,TRUE
lisbon-wedding_wt-lisbon-wedding-4-17.wcnf,803,TRUE,FALSE,TRUE
lisbon-wedding_wt-lisbon-wedding-4-18.wcnf,803,TRUE,FALSE,FALSE
lisbon-wedding_wt-lisbon-wedding-5-17.wcnf,802,TRUE,FALSE,FALSE
lisbon-wedding_wt-lisbon-wedding-5-19.wcnf,805,TRUE,FALSE,TRUE
lisbon-wedding_wt-lisbon-wedding-6-19.wcnf,805,TRUE,FALSE,TRUE
lisbon-wedding_wt-lisbon-wedding-7-18.wcnf,420,TRUE,FALSE,TRUE
lisbon-wedding_wt-lisbon-wedding-7-19.wcnf,424,TRUE,FALSE,TRUE
lisbon-wedding_wt-lisbon-wedding-8-17.wcnf,395,TRUE,FALSE,TRUE
lisbon-wedding_wt-lisbon-wedding-9-17.wcnf,394,TRUE,FALSE,TRUE
lisbon-wedding_wt-lisbon-wedding-9-18.wcnf,395,TRUE,FALSE,TRUE
logic-synthesis-normalized-5xp1.b.opb.msat.wcnf,12,FALSE,TRUE,FALSE
logic-synthesis-normalized-9sym.b.opb.msat.wcnf,5,FALSE,TRUE,FALSE
logic-synthesis-normalized-alu4.b.opb.msat.wcnf,28,FALSE,TRUE,FALSE
logic-synthesis-normalized-apex4.a.opb.msat.wcnf,28,FALSE,TRUE,FALSE
logic-synthesis-normalized-bench1.pi.opb.msat.wcnf,28,FALSE,TRUE,FALSE
logic-synthesis-normalized-clip.b.opb.msat.wcnf,15,FALSE,TRUE,FALSE
logic-synthesis-normalized-count.b.opb.msat.wcnf,24,FALSE,TRUE,FALSE
logic-synthesis-normalized-e64.b.opb.msat.wcnf,29,FALSE,TRUE,FALSE
logic-synthesis-normalized-ex5.pi.opb.msat.wcnf,30,FALSE,TRUE,FALSE
logic-synthesis-normalized-exam.pi.opb.msat.wcnf,30,FALSE,TRUE,FALSE
logic-synthesis-normalized-f51m.b.opb.msat.wcnf,18,FALSE,TRUE,FALSE
logic-synthesis-normalized-jac3.opb.msat.wcnf,15,FALSE,TRUE,FALSE
logic-synthesis-normalized-max1024.pi.opb.msat.wcnf,31,FALSE,TRUE,FALSE
logic-synthesis-normalized-sao2.b.opb.msat.wcnf,25,FALSE,TRUE,FALSE
logic-synthesis-normalized-test4.pi.opb.msat.wcnf,31,FALSE,TRUE,TRUE
max-realizability_wt-power-distribution_1_7.wcnf,3,TRUE,FALSE,FALSE
max-realizability_wt-power-distribution_10_3.wcnf,60,TRUE,FALSE,FALSE
max-realizability_wt-power-distribution_10_5.wcnf,60,TRUE,FALSE,FALSE
max-realizability_wt-power-distribution_10_7.wcnf,60,TRUE,FALSE,TRUE
max-realizability_wt-power-distribution_11_5.wcnf,126,TRUE,FALSE,FALSE
max-realizability_wt-power-distribution_11_6.wcnf,126,TRUE,FALSE,TRUE
max-realizability_wt-power-distribution_11_7.wcnf,126,TRUE,FALSE,TRUE
max-realizability_wt-power-distribution_12_7.wcnf,216,TRUE,FALSE,TRUE
max-realizability_wt-power-distribution_2_2.wcnf,10,TRUE,FALSE,FALSE
max-realizability_wt-power-distribution_3_7.wcnf,1,TRUE,FALSE,FALSE
max-realizability_wt-power-distribution_3_8.wcnf,1,TRUE,FALSE,FALSE
max-realizability_wt-power-distribution_4_4.wcnf,6,TRUE,FALSE,FALSE
max-realizability_wt-power-distribution_8_2.wcnf,40,TRUE,FALSE,FALSE
max-realizability_wt-power-distribution_9_4.wcnf,18,TRUE,FALSE,FALSE
max-realizability_wt-power-distribution_9_5.wcnf,18,TRUE,FALSE,FALSE
max-realizability-power-distribution_5_2.wcnf,0,FALSE,TRUE,FALSE
max-realizability-power-distribution_5_3.wcnf,0,FALSE,TRUE,FALSE
max-realizability-power-distribution_5_4.wcnf,0,FALSE,TRUE,FALSE
max-realizability-power-distribution_5_5.wcnf,0,FALSE,TRUE,FALSE
max-realizability-power-distribution_5_6.wcnf,0,FALSE,TRUE,FALSE
max-realizability-power-distribution_5_7.wcnf,0,FALSE,TRUE,FALSE
max-realizability-power-distribution_5_8.wcnf,0,FALSE,TRUE,FALSE
MaxSATQueriesinInterpretableClassifiers_wt-adult_test_2_CNF_2_5.wcnf,10962,TRUE,FALSE,FALSE
MaxSATQueriesinInterpretableClassifiers_wt-compas_train_2_CNF_3_15.wcnf,31514,TRUE,FALSE,TRUE
MaxSATQueriesinInterpretableClassifiers_wt-heart_train_1_CNF_3_5.wcnf,171,TRUE,FALSE,TRUE
MaxSATQueriesinInterpretableClassifiers_wt-heart_train_8_CNF_2_5.wcnf,188,TRUE,FALSE,FALSE
MaxSATQueriesinInterpretableClassifiers_wt-ilpd_test_9_DNF_2_15.wcnf,264,TRUE,FALSE,FALSE
MaxSATQueriesinInterpretableClassifiers_wt-ionosphere_test_3_CNF_3_15.wcnf,107,TRUE,FALSE,FALSE
MaxSATQueriesinInterpretableClassifiers_wt-ionosphere_test_3_CNF_5_15.wcnf,94,TRUE,FALSE,FALSE
MaxSATQueriesinInterpretableClassifiers_wt-ionosphere_test_5_CNF_3_5.wcnf,28,TRUE,FALSE,FALSE
MaxSATQueriesinInterpretableClassifiers_wt-ionosphere_test_9_DNF_1_15.wcnf,10,TRUE,FALSE,FALSE
MaxSATQueriesinInterpretableClassifiers_wt-parkinsons_test_2_CNF_4_10.wcnf,16,TRUE,FALSE,FALSE
MaxSATQueriesinInterpretableClassifiers_wt-parkinsons_test_4_CNF_3_15.wcnf,41,TRUE,FALSE,FALSE
MaxSATQueriesinInterpretableClassifiers_wt-parkinsons_train_3_CNF_2_20.wcnf,148,TRUE,FALSE,FALSE
MaxSATQueriesinInterpretableClassifiers_wt-titanic_test_9_CNF_4_10.wcnf,245,TRUE,FALSE,FALSE
MaxSATQueriesinInterpretableClassifiers_wt-twitter_train_5_CNF_4_10.wcnf,14343,TRUE,FALSE,TRUE
MaxSATQueriesinInterpretableClassifiers_wt-wdbc_train_0_DNF_1_5.wcnf,144,TRUE,FALSE,FALSE
MaxSATQueriesinInterpretableClassifiers-adult_test_9_CNF_2_1.wcnf,34,FALSE,TRUE,FALSE
MaxSATQueriesinInterpretableClassifiers-compas_train_5_DNF_5_1.wcnf,35,FALSE,TRUE,TRUE
MaxSATQueriesinInterpretableClassifiers-credit_train_3_DNF_3_1.wcnf,35,FALSE,TRUE,TRUE
MaxSATQueriesinInterpretableClassifiers-heart_test_2_DNF_1_1.wcnf,15,FALSE,TRUE,FALSE
MaxSATQueriesinInterpretableClassifiers-heart_test_7_DNF_5_1.wcnf,19,FALSE,TRUE,FALSE
MaxSATQueriesinInterpretableClassifiers-heart_train_0_CNF_1_1.wcnf,36,FALSE,TRUE,FALSE
MaxSATQueriesinInterpretableClassifiers-heart_train_2_CNF_3_1.wcnf,36,FALSE,TRUE,FALSE
MaxSATQueriesinInterpretableClassifiers-ilpd_test_0_DNF_5_1.wcnf,31,FALSE,TRUE,FALSE
MaxSATQueriesinInterpretableClassifiers-parkinsons_test_9_DNF_2_1.wcnf,8,FALSE,TRUE,FALSE
MaxSATQueriesinInterpretableClassifiers-tictactoe_test_6_CNF_4_1.wcnf,41,FALSE,TRUE,FALSE
MaxSATQueriesinInterpretableClassifiers-titanic_test_9_CNF_5_1.wcnf,41,FALSE,TRUE,FALSE
MaxSATQueriesinInterpretableClassifiers-titanic_train_2_DNF_3_1.wcnf,41,FALSE,TRUE,FALSE
MaxSATQueriesinInterpretableClassifiers-toms_test_5_DNF_5_1.wcnf,42,FALSE,TRUE,TRUE
MaxSATQueriesinInterpretableClassifiers-toms_train_8_DNF_2_1.wcnf,42,FALSE,TRUE,TRUE
MaxSATQueriesinInterpretableClassifiers-twitter_train_3_CNF_2_1.wcnf,42,FALSE,TRUE,TRUE
mbd-b14_C-mbd14-0377.wcnf,24,FALSE,TRUE,FALSE
mbd-b17_C-mbd14-0217.wcnf,24,FALSE,TRUE,FALSE
mbd-b20_C-mbd14-0281.wcnf,16,FALSE,TRUE,FALSE
mbd-b20_C-mbd14-0305.wcnf,23,FALSE,TRUE,FALSE
mbd-b20_C-mbd14-0349.wcnf,22,FALSE,TRUE,FALSE
mbd-b20_C-mbd14-0356.wcnf,20,FALSE,TRUE,FALSE
mbd-b21_C-mbd14-0205.wcnf,21,FALSE,TRUE,FALSE
mbd-b21_C-mbd14-0286.wcnf,20,FALSE,TRUE,FALSE
mbd-b21_C-mbd14-0368.wcnf,22,FALSE,TRUE,FALSE
mbd-b21_C-mbd14-0394.wcnf,23,FALSE,TRUE,FALSE
mbd-b22_C-mbd14-0207.wcnf,25,FALSE,TRUE,FALSE
mbd-b22_C-mbd14-0249.wcnf,20,FALSE,TRUE,FALSE
mbd-b22_C-mbd14-0250.wcnf,22,FALSE,TRUE,FALSE
mbd-b22_C-mbd14-0272.wcnf,28,FALSE,TRUE,FALSE
mbd-b22_C-mbd14-0308.wcnf,24,FALSE,TRUE,FALSE
metro_wt-inst2.lp.sm-extracted.wcnf,97,TRUE,FALSE,FALSE
metro_wt-inst22.lp.sm-extracted.wcnf,180,TRUE,FALSE,FALSE
metro_wt-metro_8_8_5_20_10_6_500_1_2.lp.sm-extracted.wcnf,91,TRUE,FALSE,FALSE
metro_wt-metro_8_8_5_20_10_6_500_1_3.lp.sm-extracted.wcnf,138,TRUE,FALSE,TRUE
metro_wt-metro_8_8_5_20_10_6_500_1_5.lp.sm-extracted.wcnf,110,TRUE,FALSE,FALSE
metro_wt-metro_8_8_5_20_10_6_500_1_9.lp.sm-extracted.wcnf,105,TRUE,FALSE,FALSE
metro_wt-metro_9_8_7_22_10_6_500_1_1.lp.sm-extracted.wcnf,52,TRUE,FALSE,FALSE
metro_wt-metro_9_8_7_22_10_6_500_1_2.lp.sm-extracted.wcnf,60,TRUE,FALSE,FALSE
metro_wt-metro_9_8_7_22_10_6_500_1_9.lp.sm-extracted.wcnf,52,TRUE,FALSE,FALSE
metro_wt-metro_9_8_7_30_10_6_500_1_3.lp.sm-extracted.wcnf,44,TRUE,FALSE,FALSE
metro_wt-metro_9_8_7_30_10_6_500_1_6.lp.sm-extracted.wcnf,31,TRUE,FALSE,FALSE
metro_wt-metro_9_9_10_35_13_7_500_2_1.lp.sm-extracted.wcnf,22,TRUE,FALSE,FALSE
metro_wt-metro_9_9_10_35_13_7_500_2_2.lp.sm-extracted.wcnf,32,TRUE,FALSE,FALSE
metro_wt-metro_9_9_10_35_13_7_500_2_4.lp.sm-extracted.wcnf,35,TRUE,FALSE,FALSE
metro_wt-metro_9_9_10_35_13_7_500_2_7.lp.sm-extracted.wcnf,37,TRUE,FALSE,FALSE
min-fill-MinFill_R0_mulsol.i.1.wcnf,50,FALSE,TRUE,TRUE
min-fill-MinFill_R0_mulsol.i.3.wcnf,52,FALSE,TRUE,TRUE
min-fill-MinFill_R0_myciel3.wcnf,10,FALSE,TRUE,FALSE
min-fill-MinFill_R0_myciel4.wcnf,46,FALSE,TRUE,FALSE
min-fill-MinFill_R0_myciel5.wcnf,56,FALSE,TRUE,TRUE
min-fill-MinFill_R0_myciel6.wcnf,56,FALSE,TRUE,TRUE
min-fill-MinFill_R0_myciel7.wcnf,56,FALSE,TRUE,TRUE
min-fill-MinFill_R0_queen11_11.wcnf,58,FALSE,TRUE,TRUE
min-fill-MinFill_R0_queen7_7.wcnf,58,FALSE,TRUE,TRUE
min-fill-MinFill_R0_queen9_9.wcnf,61,FALSE,TRUE,TRUE
min-fill-MinFill_R1_games120.wcnf,61,FALSE,TRUE,TRUE
min-fill-MinFill_R3_david.wcnf,61,FALSE,TRUE,TRUE
min-fill-MinFill_R3_huck.wcnf,2,FALSE,TRUE,FALSE
min-fill-MinFill_R3_miles750.wcnf,63,FALSE,TRUE,TRUE
min-fill-MinFill_R5_jean.wcnf,11,FALSE,TRUE,FALSE
minimize-5gons-u5-cube-maxcdcl-11-tmp-15-2655746.wcnf,63,FALSE,TRUE,TRUE
minimize-5gons-u5-cube-maxcdcl-12-tmp-15-2655746.wcnf,65,FALSE,TRUE,TRUE
minimize-5gons-u5-cube-maxcdcl-13-tmp-15-2655746.wcnf,65,FALSE,TRUE,TRUE
minimize-5gons-u5-cube-maxcdcl-18-tmp-15-2655746.wcnf,67,FALSE,TRUE,TRUE
minimize-5gons-u5-cube-maxcdcl-19-tmp-15-2655746.wcnf,67,FALSE,TRUE,TRUE
minimize-5gons-u5-cube-maxcdcl-20-tmp-15-2655746.wcnf,67,FALSE,TRUE,TRUE
minimize-5gons-u5-cube-maxcdcl-23-tmp-15-2655746.wcnf,68,FALSE,TRUE,TRUE
minimize-5gons-u5-cube-maxcdcl-24-tmp-15-2655746.wcnf,68,FALSE,TRUE,TRUE
minimize-5gons-u5-cube-maxcdcl-29-tmp-15-2655746.wcnf,70,FALSE,TRUE,TRUE
minimize-5gons-u5-cube-maxcdcl-32-tmp-15-2655746.wcnf,74,FALSE,TRUE,TRUE
minimize-5gons-u5-cube-maxcdcl-36-tmp-15-2655746.wcnf,74,FALSE,TRUE,TRUE
minimize-5gons-u5-cube-maxcdcl-38-tmp-15-2655746.wcnf,77,FALSE,TRUE,TRUE
minimize-5gons-u5-cube-maxcdcl-41-tmp-15-2655746.wcnf,77,FALSE,TRUE,TRUE
minimize-5gons-u5-cube-maxcdcl-44-tmp-15-2655746.wcnf,77,FALSE,TRUE,TRUE
minimize-5gons-u5-cube-maxcdcl-46-tmp-15-2655746.wcnf,77,FALSE,TRUE,TRUE
minimize-5gons-u5-cube-maxcdcl-48-tmp-15-2655746.wcnf,77,FALSE,TRUE,TRUE
minimize-5gons-u5-cube-maxcdcl-49-tmp-15-2655746.wcnf,77,FALSE,TRUE,TRUE
minimize-5gons-u5-cube-maxcdcl-53-tmp-15-2655746.wcnf,77,FALSE,TRUE,TRUE
minimize-5gons-u5-cube-maxcdcl-58-tmp-15-2655746.wcnf,77,FALSE,TRUE,TRUE
minimize-5gons-u5-cube-maxcdcl-59-tmp-15-2655746.wcnf,77,FALSE,TRUE,TRUE
minimize-5gons-u5-cube-maxcdcl-60-tmp-15-2655746.wcnf,77,FALSE,TRUE,TRUE
minimize-5gons-u5-cube-maxcdcl-61-tmp-15-2655746.wcnf,77,FALSE,TRUE,TRUE
minimize-5gons-u5-cube-maxcdcl-7-tmp-15-2655746.wcnf,77,FALSE,TRUE,TRUE
minimize-5gons-u5-cube-maxcdcl-8-tmp-15-2655746.wcnf,77,FALSE,TRUE,TRUE
minimize-5gons-u5-cube-maxcdcl-9-tmp-15-2655746.wcnf,77,FALSE,TRUE,TRUE
MinimumWeightDominatingSetProblem_wt-bn-human-BNU_1_0025865_session_1-bg.wcnf,119324637,TRUE,FALSE,TRUE
MinimumWeightDominatingSetProblem_wt-channel-500x100x100-b050.wcnf,26428471,TRUE,FALSE,TRUE
MinimumWeightDominatingSetProblem_wt-delaunay_n24.wcnf,205096864,TRUE,FALSE,TRUE
MinimumWeightDominatingSetProblem_wt-hugebubbles-00020.wcnf,469941470,TRUE,FALSE,TRUE
MinimumWeightDominatingSetProblem_wt-inf-road-usa.wcnf,624089416,TRUE,FALSE,TRUE
MinimumWeightDominatingSetProblem_wt-rgg_n_2_24_s0.wcnf,33573460,TRUE,FALSE,TRUE
MinimumWeightDominatingSetProblem_wt-sc-rel9.wcnf,11193466,TRUE,FALSE,TRUE
MinimumWeightDominatingSetProblem_wt-socfb-uci-uni.wcnf,-1,TRUE,FALSE,TRUE
MinimumWeightDominatingSetProblem_wt-soc-livejournal-user-groups.wcnf,86090251,TRUE,FALSE,TRUE
MinimumWeightDominatingSetProblem_wt-web-wikipedia2009.wcnf,26848127,TRUE,FALSE,TRUE
mpe_wt-random-net-100-2_network-1.net.wcnf,87174,TRUE,FALSE,FALSE
mpe_wt-random-net-100-2_network-10.net.wcnf,91062,TRUE,FALSE,FALSE
mpe_wt-random-net-120-1_network-4.net.wcnf,103641,TRUE,FALSE,FALSE
mpe_wt-random-net-120-1_network-7.net.wcnf,109277,TRUE,FALSE,FALSE
mpe_wt-random-net-120-1_network-9.net.wcnf,109910,TRUE,FALSE,FALSE
mpe_wt-random-net-20-3_network-7.net.wcnf,19031,TRUE,FALSE,FALSE
mpe_wt-random-net-20-5_network-3.net.wcnf,19569,TRUE,FALSE,TRUE
mpe_wt-random-net-220-1_network-1.net.wcnf,216304,TRUE,FALSE,FALSE
mpe_wt-random-net-240-1_network-7.net.wcnf,219252,TRUE,FALSE,FALSE
mpe_wt-random-net-280-1_network-6.net.wcnf,266168,TRUE,FALSE,FALSE
mpe_wt-random-net-30-3_network-8.net.wcnf,26361,TRUE,FALSE,FALSE
mpe_wt-random-net-30-5_network-4.net.wcnf,28151,TRUE,FALSE,TRUE
mpe_wt-random-net-60-2_network-2.net.wcnf,55787,TRUE,FALSE,FALSE
mpe_wt-random-net-60-3_network-7.net.wcnf,51691,TRUE,FALSE,TRUE
mpe_wt-random-net-80-2_network-3.net.wcnf,70391,TRUE,FALSE,FALSE
mpmcs_wt-test17--n-2500.wcnf,284520,TRUE,FALSE,FALSE
mpmcs_wt-test18--n-2500.wcnf,130484455,TRUE,FALSE,FALSE
mpmcs_wt-test22--n-5000.wcnf,641968767,TRUE,FALSE,FALSE
mpmcs_wt-test24--n-5000.wcnf,793,TRUE,FALSE,FALSE
mpmcs_wt-test29--n-5000.wcnf,378308687,TRUE,FALSE,FALSE
mpmcs_wt-test2--n-2500.wcnf,464771733,TRUE,FALSE,FALSE
mpmcs_wt-test32--n-5000.wcnf,63984958,TRUE,FALSE,FALSE
mpmcs_wt-test34--n-5000.wcnf,424495269,TRUE,FALSE,FALSE
mpmcs_wt-test39--n-5000.wcnf,89562456,TRUE,FALSE,FALSE
mpmcs_wt-test47--n-7500.wcnf,644477962,TRUE,FALSE,FALSE
mpmcs_wt-test4--n-2500.wcnf,238,TRUE,FALSE,FALSE
mpmcs_wt-test56--n-7500.wcnf,7545,TRUE,FALSE,FALSE
mpmcs_wt-test5--n-2500.wcnf,7879,TRUE,FALSE,FALSE
mpmcs_wt-test60--n-7500.wcnf,14066,TRUE,FALSE,FALSE
mpmcs_wt-test9--n-2500.wcnf,4301,TRUE,FALSE,FALSE
mqc-10tree1001posib.wcnf,2,FALSE,TRUE,FALSE
mqc-10tree101posib.wcnf,2,FALSE,TRUE,FALSE
mqc-10tree102posib.wcnf,4,FALSE,TRUE,FALSE
mqc-10tree120p.wcnf,41,FALSE,TRUE,FALSE
mqc-10tree302p.wcnf,3,FALSE,TRUE,FALSE
mqc-10tree305p.wcnf,10,FALSE,TRUE,FALSE
mqc-10tree320p.wcnf,42,FALSE,TRUE,FALSE
mqc-10tree402p.wcnf,3,FALSE,TRUE,FALSE
mqc-10tree501p.wcnf,2,FALSE,TRUE,FALSE
mqc-10tree510p.wcnf,21,FALSE,TRUE,FALSE
mqc-10tree515p.wcnf,31,FALSE,TRUE,FALSE
mqc-10tree605posib.wcnf,9,FALSE,TRUE,FALSE
mqc-10tree620p.wcnf,39,FALSE,TRUE,FALSE
mqc-10tree715p.wcnf,31,FALSE,TRUE,FALSE
mqc-10tree825p.wcnf,52,FALSE,TRUE,FALSE
optic-gen_add_4_carry_991.wcnf,56,FALSE,TRUE,TRUE
optic-gen_add_6_carry_991.wcnf,104,FALSE,TRUE,TRUE
optic-gen_cvc-add3-bw3_299.wcnf,118,FALSE,TRUE,FALSE
optic-gen_cvc-add3-bw3_991.wcnf,121,FALSE,TRUE,FALSE
optic-gen_cvc-add3-opt-bw3_299.wcnf,122,FALSE,TRUE,FALSE
optic-gen_cvc-plus_4_991.wcnf,54,FALSE,TRUE,FALSE
optic-gen_mult_3_5_33.wcnf,123,FALSE,TRUE,FALSE
optic-gen_mult_3_6_33.wcnf,135,FALSE,TRUE,FALSE
optic-gen_mult_3_6_399.wcnf,138,FALSE,TRUE,FALSE
optic-gen_mult_4_5_991.wcnf,115,FALSE,TRUE,TRUE
optic-gen_mult_4_6_991.wcnf,134,FALSE,TRUE,TRUE
optic-gen_mult_4_6_9999.wcnf,143,FALSE,TRUE,TRUE
optic-gen_mult_5_5_991.wcnf,144,FALSE,TRUE,TRUE
optic-gen_mult_5_5_9999.wcnf,144,FALSE,TRUE,TRUE
optic-gen_square_5_33.wcnf,135,FALSE,TRUE,FALSE
optimizing-BDDs-anneal-un-wcnf_incomplete_improved_1_2019_2.wcnf,139,FALSE,TRUE,TRUE
optimizing-BDDs-anneal-un-wcnf_incomplete_improved_1_2019_5.wcnf,121,FALSE,TRUE,TRUE
optimizing-BDDs-anneal-un-wcnf_incomplete_improved_1_2019_7.wcnf,109,FALSE,TRUE,TRUE
optimizing-BDDs-breast-cancer-un-wcnf_incomplete_improved_1_2019_8.wcnf,17,FALSE,TRUE,TRUE
optimizing-BDDs-car-un-wcnf_incomplete_improved_1_2019_2.wcnf,186,FALSE,TRUE,FALSE
optimizing-BDDs-hypothyroid-un-wcnf_incomplete_improved_1_2019_2.wcnf,70,FALSE,TRUE,TRUE
optimizing-BDDs-lymph-un-wcnf_incomplete_improved_1_2019_6.wcnf,7,FALSE,TRUE,TRUE
optimizing-BDDs-primary-tumor-un-wcnf_incomplete_improved_1_2019_4.wcnf,49,FALSE,TRUE,TRUE
optimizing-BDDs-primary-tumor-un-wcnf_incomplete_improved_1_2019_8.wcnf,30,FALSE,TRUE,TRUE
optimizing-BDDs-soybean-un-wcnf_incomplete_improved_1_2019_7.wcnf,18,FALSE,TRUE,TRUE
optimizing-BDDs-splice-1-un-wcnf_incomplete_improved_1_2019_5.wcnf,200,FALSE,TRUE,TRUE
optimizing-BDDs-splice-1-un-wcnf_incomplete_improved_1_2019_6.wcnf,201,FALSE,TRUE,TRUE
optimizing-BDDs-tic-tac-toe-un-wcnf_incomplete_improved_1_2019_2.wcnf,203,FALSE,TRUE,FALSE
optimizing-BDDs-tic-tac-toe-un-wcnf_incomplete_improved_1_2019_5.wcnf,160,FALSE,TRUE,TRUE
optimizing-BDDs-tic-tac-toe-un-wcnf_incomplete_improved_1_2019_7.wcnf,56,FALSE,TRUE,TRUE
packup-4ede8d96-c17a-11df-a7c5-00163e3d3b7c_l3.wcnf,228,FALSE,TRUE,FALSE
packup-7f80e4f0-4fe9-11e0-acd7-00163e1e087d_l3.wcnf,237,FALSE,TRUE,FALSE
packup-ff4a1d84-d490-11df-9e6c-00163e3d3b7c_l3.wcnf,240,FALSE,TRUE,FALSE
packup-rand172_l2.wcnf,244,FALSE,TRUE,FALSE
packup-rand208_l2.wcnf,250,FALSE,TRUE,FALSE
packup-rand209_l2.wcnf,259,FALSE,TRUE,FALSE
packup-rand289_l2.wcnf,263,FALSE,TRUE,FALSE
packup-rand290_l2.wcnf,272,FALSE,TRUE,FALSE
packup-rand30_l2.wcnf,282,FALSE,TRUE,FALSE
packup-rand425_l2.wcnf,299,FALSE,TRUE,FALSE
packup-rand736_l2.wcnf,300,FALSE,TRUE,FALSE
packup-rand874_l2.wcnf,300,FALSE,TRUE,FALSE
packup-rand892_l2.wcnf,300,FALSE,TRUE,FALSE
packup-rand943_l2.wcnf,300,FALSE,TRUE,FALSE
packup-rand96_l2.wcnf,300,FALSE,TRUE,FALSE
ParametricRBACMaintenance_mse20_wt-role_domino_multiple_0.1_1.wcnf,38388,TRUE,FALSE,TRUE
ParametricRBACMaintenance_mse20_wt-role_domino_multiple_0.3_1.wcnf,97098,TRUE,FALSE,TRUE
ParametricRBACMaintenance_mse20_wt-role_domino_multiple_0.3_9.wcnf,92485,TRUE,FALSE,TRUE
ParametricRBACMaintenance_mse20_wt-role_domino_multiple_0.4_0.wcnf,123081,TRUE,FALSE,TRUE
ParametricRBACMaintenance_mse20_wt-role_domino_multiple_0.4_1.wcnf,122327,TRUE,FALSE,TRUE
ParametricRBACMaintenance_mse20_wt-role_domino_multiple_0.5_6.wcnf,135356,TRUE,FALSE,TRUE
ParametricRBACMaintenance_mse20_wt-role_domino_multiple_0.5_7.wcnf,135735,TRUE,FALSE,TRUE
ParametricRBACMaintenance_mse20_wt-role_domino_multiple_0.7_0.wcnf,169656,TRUE,FALSE,TRUE
ParametricRBACMaintenance_mse20_wt-role_domino_multiple_0.7_7.wcnf,160970,TRUE,FALSE,TRUE
ParametricRBACMaintenance_mse20_wt-role_smallcomp_multiple_0.1_9.wcnf,107667,TRUE,FALSE,TRUE
ParametricRBACMaintenance_mse20_wt-role_smallcomp_multiple_0.4_2.wcnf,193813,TRUE,FALSE,TRUE
ParametricRBACMaintenance_mse20_wt-role_smallcomp_multiple_0.5_2.wcnf,224309,TRUE,FALSE,TRUE
ParametricRBACMaintenance_mse20_wt-role_smallcomp_multiple_0.8_0.wcnf,313158,TRUE,FALSE,TRUE
ParametricRBACMaintenance_mse20_wt-role_smallcomp_multiple_0.8_2.wcnf,296197,TRUE,FALSE,TRUE
ParametricRBACMaintenance_mse20_wt-role_smallcomp_multiple_0.8_6.wcnf,267394,TRUE,FALSE,TRUE
planning_wt-bwt3cc.wcsp.wcnf,177,TRUE,FALSE,FALSE
planning_wt-bwt5c.wcsp.wcnf,800,TRUE,FALSE,FALSE
planning_wt-bwt5cc.wcsp.wcnf,866,TRUE,FALSE,FALSE
planning_wt-driverlog01cc.wcsp.dir.wcnf,1106,TRUE,FALSE,FALSE
planning_wt-driverlog01cc.wcsp.wcnf,1117,TRUE,FALSE,FALSE
planning_wt-driverlog05cc.wcsp.dir.wcnf,2659,TRUE,FALSE,FALSE
planning_wt-driverlog08c.wcsp.wcnf,2220,TRUE,FALSE,FALSE
planning_wt-driverlog09.wcsp.wcnf,960,TRUE,FALSE,FALSE
planning_wt-logistics01c.wcsp.wcnf,8865,TRUE,FALSE,FALSE
planning_wt-logistics01cc.wcsp.wcnf,4282,TRUE,FALSE,FALSE
planning_wt-mprime01bc.wcsp.wcnf,284,TRUE,FALSE,FALSE
planning_wt-mprime03c.wcsp.wcnf,320,TRUE,FALSE,FALSE
planning_wt-zenotravel02c.wcsp.dir.wcnf,2485,TRUE,FALSE,FALSE
planning_wt-zenotravel02cc.wcsp.dir.wcnf,742,TRUE,FALSE,FALSE
planning_wt-zenotravel04bc.wcsp.wcnf,4110,TRUE,FALSE,FALSE
planning-bnn-cellda_x_10.wcnf,9,FALSE,TRUE,TRUE
planning-bnn-cellda_x_12.wcnf,12,FALSE,TRUE,TRUE
planning-bnn-cellda_y_8.wcnf,6,FALSE,TRUE,TRUE
planning-bnn-cellda_y_9.wcnf,6,FALSE,TRUE,TRUE
planning-bnn-inventory_2_5.wcnf,9,TRUE,FALSE,FALSE
planning-bnn-inventory_2_6.wcnf,16,TRUE,FALSE,FALSE
planning-bnn-inventory_2_7.wcnf,18,TRUE,FALSE,FALSE
planning-bnn-inventory_4_6.wcnf,10,TRUE,FALSE,FALSE
planning-bnn-inventory_4_7.wcnf,15,TRUE,FALSE,TRUE
planning-bnn-inventory_4_8.wcnf,17,TRUE,FALSE,TRUE
planning-bnn-navigation_3x3_4.wcnf,4,FALSE,TRUE,FALSE
planning-bnn-navigation_3x3_5.wcnf,4,FALSE,TRUE,FALSE
planning-bnn-navigation_3x3_6.wcnf,4,FALSE,TRUE,FALSE
planning-bnn-navigation_4x4_5.wcnf,5,FALSE,TRUE,TRUE
planning-bnn-navigation_4x4_7.wcnf,5,FALSE,TRUE,TRUE
planning-bnn-navigation_5x5_9.wcnf,404,FALSE,TRUE,TRUE
planning-bnn-sysadmin_4_2.wcnf,0,FALSE,TRUE,FALSE
planning-bnn-sysadmin_4_3.wcnf,2,FALSE,TRUE,TRUE
planning-bnn-sysadmin_4_4.wcnf,4,FALSE,TRUE,TRUE
planning-bnn-sysadmin_5_3.wcnf,4,FALSE,TRUE,TRUE
planning-bnn-sysadmin_5_4.wcnf,6,FALSE,TRUE,TRUE
preference_planning_wt-WCNF_pathways_p02.wcnf,3,TRUE,FALSE,FALSE
preference_planning_wt-WCNF_pathways_p07.wcnf,115,TRUE,FALSE,FALSE
preference_planning_wt-WCNF_pathways_p10.wcnf,129,TRUE,FALSE,FALSE
preference_planning_wt-WCNF_pathways_p11.wcnf,118,TRUE,FALSE,FALSE
preference_planning_wt-WCNF_pathways_p12.wcnf,188,TRUE,FALSE,FALSE
preference_planning_wt-WCNF_pathways_p16.wcnf,257,TRUE,FALSE,TRUE
preference_planning_wt-WCNF_pathways_p18.wcnf,228,TRUE,FALSE,FALSE
preference_planning_wt-WCNF_pathways_p20.wcnf,247,TRUE,FALSE,FALSE
preference_planning_wt-WCNF_storage_p01.wcnf,3,TRUE,FALSE,FALSE
preference_planning_wt-WCNF_storage_p02.wcnf,5,TRUE,FALSE,FALSE
preference_planning_wt-WCNF_storage_p03.wcnf,18,TRUE,FALSE,FALSE
preference_planning_wt-WCNF_storage_p06.wcnf,173,TRUE,FALSE,FALSE
privilege-escalation-cloud_access_control_repair_task-117.wcnf,12,FALSE,TRUE,TRUE
privilege-escalation-cloud_access_control_repair_task-130.wcnf,36,FALSE,TRUE,TRUE
privilege-escalation-cloud_access_control_repair_task-134.wcnf,6,FALSE,TRUE,TRUE
privilege-escalation-cloud_access_control_repair_task-139.wcnf,16,FALSE,TRUE,FALSE
privilege-escalation-cloud_access_control_repair_task-141.wcnf,27,FALSE,TRUE,TRUE
privilege-escalation-cloud_access_control_repair_task-146.wcnf,8,FALSE,TRUE,TRUE
privilege-escalation-cloud_access_control_repair_task-149.wcnf,4,FALSE,TRUE,FALSE
privilege-escalation-cloud_access_control_repair_task-15.wcnf,67,FALSE,TRUE,TRUE
privilege-escalation-cloud_access_control_repair_task-157.wcnf,3,FALSE,TRUE,FALSE
privilege-escalation-cloud_access_control_repair_task-161.wcnf,0,FALSE,TRUE,FALSE
privilege-escalation-cloud_access_control_repair_task-163.wcnf,9,FALSE,TRUE,TRUE
privilege-escalation-cloud_access_control_repair_task-174.wcnf,3,FALSE,TRUE,FALSE
privilege-escalation-cloud_access_control_repair_task-178.wcnf,20,FALSE,TRUE,TRUE
privilege-escalation-cloud_access_control_repair_task-18.wcnf,6,FALSE,TRUE,FALSE
privilege-escalation-cloud_access_control_repair_task-198.wcnf,0,FALSE,TRUE,FALSE
privilege-escalation-cloud_access_control_repair_task-34.wcnf,25,FALSE,TRUE,TRUE
privilege-escalation-cloud_access_control_repair_task-35.wcnf,9,FALSE,TRUE,FALSE
privilege-escalation-cloud_access_control_repair_task-37.wcnf,7,FALSE,TRUE,FALSE
privilege-escalation-cloud_access_control_repair_task-47.wcnf,24,FALSE,TRUE,TRUE
privilege-escalation-cloud_access_control_repair_task-54.wcnf,19,FALSE,TRUE,FALSE
privilege-escalation-cloud_access_control_repair_task-56.wcnf,9,FALSE,TRUE,FALSE
privilege-escalation-cloud_access_control_repair_task-61.wcnf,16,FALSE,TRUE,TRUE
privilege-escalation-cloud_access_control_repair_task-73.wcnf,31,FALSE,TRUE,TRUE
privilege-escalation-cloud_access_control_repair_task-87.wcnf,14,FALSE,TRUE,FALSE
privilege-escalation-cloud_access_control_repair_task-92.wcnf,3,FALSE,TRUE,FALSE
program-disambiguation-Q16_OPTIONS_2.wcnf,0,FALSE,TRUE,FALSE
program-disambiguation-Q2_OPTIONS_1.wcnf,0,FALSE,TRUE,FALSE
program-disambiguation-Q20_YESNO_3.wcnf,1,FALSE,TRUE,FALSE
program-disambiguation-Q27_YESNO_1.wcnf,2,FALSE,TRUE,TRUE
program-disambiguation-Q29_YESNO_1.wcnf,1,FALSE,TRUE,FALSE
program-disambiguation-Q35_OPTIONS_1.wcnf,0,FALSE,TRUE,TRUE
program-disambiguation-Q36_YESNO_1.wcnf,0,FALSE,TRUE,TRUE
program-disambiguation-Q38_YESNO_3.wcnf,1,FALSE,TRUE,FALSE
program-disambiguation-Q4_YESNO_2.wcnf,1,FALSE,TRUE,FALSE
program-disambiguation-Q42_YESNO_3.wcnf,1,FALSE,TRUE,FALSE
program-disambiguation-Q42_YESNO_4.wcnf,2,FALSE,TRUE,FALSE
program-disambiguation-Q43_YESNO_3.wcnf,1,FALSE,TRUE,FALSE
program-disambiguation-Q45_YESNO_4.wcnf,0,FALSE,TRUE,FALSE
program-disambiguation-Q50_YESNO_6.wcnf,0,FALSE,TRUE,FALSE
program-disambiguation-Q6_YESNO_3.wcnf,0,FALSE,TRUE,FALSE
protein_ins_wt-1bpi_.2knt_.g.wcnf.t.wcnf,2407,TRUE,FALSE,TRUE
protein_ins_wt-1bpi_.5pti_.g.wcnf.t.wcnf,2974,TRUE,FALSE,FALSE
protein_ins_wt-1knt_.1bpi_.g.wcnf.t.wcnf,2464,TRUE,FALSE,TRUE
protein_ins_wt-1knt_.2knt_.g.wcnf.t.wcnf,1767,TRUE,FALSE,FALSE
protein_ins_wt-1knt_.5pti_.g.wcnf.t.wcnf,2208,TRUE,FALSE,TRUE
protein_ins_wt-1vii_.1cph_.g.wcnf.t.wcnf,165,TRUE,FALSE,FALSE
protein_ins_wt-2knt_.5pti_.g.wcnf.t.wcnf,2156,TRUE,FALSE,TRUE
protein_ins_wt-3ebx_.1era_.g.wcnf.t.wcnf,2517,TRUE,FALSE,TRUE
protein_ins_wt-3ebx_.6ebx_.g.wcnf.t.wcnf,1740,TRUE,FALSE,FALSE
protein_ins_wt-6ebx_.1era_.g.wcnf.t.wcnf,1646,TRUE,FALSE,TRUE
protein_ins_wt-p1.wcnf.t.wcnf,2407,TRUE,FALSE,TRUE
protein_ins_wt-sandiaprotein.g.wcnf.t.wcnf,2248,TRUE,FALSE,TRUE
protein_ins-1bpi_.2knt_.g.wcnf.t.wcnf,35,FALSE,TRUE,TRUE
protein_ins-1bpi_.5pti_.g.wcnf.t.wcnf,29,FALSE,TRUE,TRUE
protein_ins-1knt_.1bpi_.g.wcnf.t.wcnf,35,FALSE,TRUE,TRUE
protein_ins-1knt_.2knt_.g.wcnf.t.wcnf,16,FALSE,TRUE,FALSE
protein_ins-1knt_.5pti_.g.wcnf.t.wcnf,29,FALSE,TRUE,TRUE
protein_ins-1vii_.1cph_.g.wcnf.t.wcnf,7,FALSE,TRUE,FALSE
protein_ins-2knt_.5pti_.g.wcnf.t.wcnf,32,FALSE,TRUE,TRUE
protein_ins-3ebx_.1era_.g.wcnf.t.wcnf,34,FALSE,TRUE,TRUE
protein_ins-3ebx_.6ebx_.g.wcnf.t.wcnf,23,FALSE,TRUE,FALSE
protein_ins-6ebx_.1era_.g.wcnf.t.wcnf,30,FALSE,TRUE,TRUE
protein_ins-p1.wcnf.t.wcnf,35,FALSE,TRUE,TRUE
protein_ins-sandiaprotein.g.wcnf.t.wcnf,28,FALSE,TRUE,TRUE
pseudoBoolean_wt-normalized-factor-size=9-P=149-Q=163.opb.wcnf,149,TRUE,FALSE,FALSE
pseudoBoolean_wt-normalized-factor-size=9-P=149-Q=167.opb.wcnf,149,TRUE,FALSE,FALSE
pseudoBoolean_wt-normalized-factor-size=9-P=157-Q=181.opb.wcnf,157,TRUE,FALSE,FALSE
pseudoBoolean_wt-normalized-factor-size=9-P=223-Q=307.opb.wcnf,223,TRUE,FALSE,FALSE
pseudoBoolean_wt-normalized-factor-size=9-P=283-Q=293.opb.wcnf,283,TRUE,FALSE,FALSE
pseudoBoolean_wt-normalized-factor-size=9-P=331-Q=379.opb.wcnf,331,TRUE,FALSE,FALSE
pseudoBoolean_wt-normalized-factor-size=9-P=353-Q=479.opb.wcnf,353,TRUE,FALSE,FALSE
pseudoBoolean_wt-normalized-factor-size=9-P=421-Q=449.opb.wcnf,421,TRUE,FALSE,FALSE
pseudoBoolean_wt-normalized-factor-size=9-P=439-Q=509.opb.wcnf,439,TRUE,FALSE,FALSE
pseudoBoolean_wt-normalized-factor-size=9-P=53-Q=151.opb.wcnf,53,TRUE,FALSE,FALSE
pseudoBoolean_wt-normalized-factor-size=9-P=59-Q=419.opb.wcnf,59,TRUE,FALSE,FALSE
pseudoBoolean_wt-normalized-factor-size=9-P=79-Q=257.opb.wcnf,79,TRUE,FALSE,FALSE
pseudoBoolean_wt-normalized-factor-size=9-P=83-Q=367.opb.wcnf,83,TRUE,FALSE,FALSE
pseudoBoolean_wt-normalized-factor-size=9-P=89-Q=487.opb.wcnf,89,TRUE,FALSE,FALSE
pseudoBoolean_wt-normalized-mps-v2-20-10-mod010.opb.msat.wcnf,-1,TRUE,FALSE,TRUE
pseudoBoolean-normalized-aim-200-3_4-yes1-1.opb.msat.wcnf,200,FALSE,TRUE,FALSE
pseudoBoolean-normalized-aim-200-6_0-yes1-2.opb.msat.wcnf,200,FALSE,TRUE,FALSE
pseudoBoolean-normalized-g9x3.opb.msat.wcnf,7,FALSE,TRUE,FALSE
pseudoBoolean-normalized-g9x9.opb.msat.wcnf,20,FALSE,TRUE,FALSE
pseudoBoolean-normalized-hanoi4.opb.msat.wcnf,718,FALSE,TRUE,FALSE
pseudoBoolean-normalized-hanoi5.opb.msat.wcnf,1931,FALSE,TRUE,FALSE
pseudoBoolean-normalized-mps-v2-20-10-stein45.opb.msat.wcnf,30,FALSE,TRUE,FALSE
pseudoBoolean-normalized-par16-1.opb.msat.wcnf,1015,FALSE,TRUE,FALSE
pseudoBoolean-normalized-par16-2.opb.msat.wcnf,1015,FALSE,TRUE,FALSE
pseudoBoolean-normalized-par32-1.opb.msat.wcnf,11345,FALSE,TRUE,TRUE
pseudoBoolean-normalized-par32-4.opb.msat.wcnf,3176,FALSE,TRUE,TRUE
pseudoBoolean-normalized-par32-5.opb.msat.wcnf,11440,FALSE,TRUE,TRUE
pseudoBoolean-normalized-par8-2.opb.msat.wcnf,350,FALSE,TRUE,FALSE
pseudoBoolean-normalized-ssa7552-038.opb.msat.wcnf,1448,FALSE,TRUE,FALSE
pseudoBoolean-normalized-ssa7552-159.opb.msat.wcnf,1327,FALSE,TRUE,FALSE
qcp_wt-file_qc_wcnf_N10_H60_0.wcnf,2,TRUE,FALSE,FALSE
qcp_wt-file_qc_wcnf_N10_H60_1.wcnf,2,TRUE,FALSE,FALSE
qcp_wt-file_qc_wcnf_N10_H60_2.wcnf,2,TRUE,FALSE,FALSE
qcp_wt-file_qc_wcnf_N6_H21_1.wcnf,2,TRUE,FALSE,FALSE
qcp_wt-file_qc_wcnf_N6_H21_3.wcnf,2,TRUE,FALSE,FALSE
qcp_wt-file_qc_wcnf_N7_H29_1.wcnf,2,TRUE,FALSE,FALSE
qcp_wt-file_qc_wcnf_N7_H29_2.wcnf,2,TRUE,FALSE,FALSE
qcp_wt-file_qc_wcnf_N7_H29_3.wcnf,2,TRUE,FALSE,FALSE
qcp_wt-file_qc_wcnf_N7_H29_4.wcnf,2,TRUE,FALSE,FALSE
qcp_wt-file_qc_wcnf_N8_H38_1.wcnf,2,TRUE,FALSE,FALSE
qcp_wt-file_qc_wcnf_N8_H38_4.wcnf,2,TRUE,FALSE,FALSE
qcp_wt-file_qc_wcnf_N9_H48_1.wcnf,2,TRUE,FALSE,FALSE
qcp_wt-file_qc_wcnf_N9_H48_2.wcnf,2,TRUE,FALSE,FALSE
qcp_wt-file_qc_wcnf_N9_H48_3.wcnf,2,TRUE,FALSE,FALSE
qcp_wt-file_qc_wcnf_N9_H48_4.wcnf,2,TRUE,FALSE,FALSE
quantum-circuit-graphstate_6_6_rigetti-agave_8.wcnf,6,TRUE,FALSE,FALSE
quantum-circuit-grover-noancilla_4_52_ibmq-casablanca_7.wcnf,27,TRUE,FALSE,TRUE
quantum-circuit-portfoliovqe_4_18_ibmq-casablanca_7.wcnf,24,TRUE,FALSE,FALSE
quantum-circuit-portfoliovqe_4_18_rigetti-agave_8.wcnf,33,TRUE,FALSE,FALSE
quantum-circuit-qaoa_4_16_ibmq-casablanca_7.wcnf,12,TRUE,FALSE,FALSE
quantum-circuit-qftentangled_4_21_ibmq-casablanca_7.wcnf,15,TRUE,FALSE,FALSE
quantum-circuit-qftentangled_4_39_rigetti-agave_8.wcnf,18,TRUE,FALSE,FALSE
quantum-circuit-qgan_6_15_ibmq-casablanca_7.wcnf,24,TRUE,FALSE,TRUE
quantum-circuit-qpeexact_5_26_ibmq-casablanca_7.wcnf,15,TRUE,FALSE,FALSE
quantum-circuit-qpeinexact_5_26_ibmq-casablanca_7.wcnf,15,TRUE,FALSE,FALSE
quantum-circuit-qwalk-v-chain_3_30_ibmq-casablanca_7.wcnf,30,TRUE,FALSE,FALSE
quantum-circuit-realamprandom_4_72_rigetti-agave_8.wcnf,36,TRUE,FALSE,FALSE
quantum-circuit-su2random_4_18_ibmq-casablanca_7.wcnf,24,TRUE,FALSE,FALSE
quantum-circuit-su2random_5_30_ibmq-london_5.wcnf,51,TRUE,FALSE,FALSE
quantum-circuit-twolocalrandom_5_30_ibmq-london_5.wcnf,51,TRUE,FALSE,FALSE
railway-transport_wt-bf2030fvcons.wcnf,3271,TRUE,FALSE,TRUE
railway-transport_wt-bf2030fvslack.wcnf,245735,TRUE,FALSE,TRUE
railway-transport_wt-f2030.wcnf,4195,TRUE,FALSE,TRUE
railway-transport_wt-r11.wcnf,43336995,TRUE,FALSE,TRUE
railway-transport_wt-wg2.wcnf,78,TRUE,FALSE,TRUE
railway-transport-d4.wcnf,1598,FALSE,TRUE,TRUE
railway-transport-dp43.wcnf,47,FALSE,TRUE,FALSE
railway-transport-p15.wcnf,5,FALSE,TRUE,FALSE
railway-transport-pesp_18Min.wcnf,280,FALSE,TRUE,TRUE
railway-transport-pesp_5min.wcnf,68,FALSE,TRUE,TRUE
railway-transport-we.wcnf,294,FALSE,TRUE,TRUE
ramsey_wt-ram_k3_n11.ra1.wcnf,318,TRUE,FALSE,TRUE
ramsey_wt-ram_k3_n12.ra1.wcnf,524,TRUE,FALSE,TRUE
ramsey_wt-ram_k3_n17.ra1.wcnf,10372,TRUE,FALSE,TRUE
ramsey_wt-ram_k3_n18.ra1.wcnf,15621,TRUE,FALSE,TRUE
ramsey-ram_k3_n10.ra0.wcnf,4,FALSE,TRUE,TRUE
ramsey-ram_k3_n12.ra0.wcnf,10,FALSE,TRUE,TRUE
ramsey-ram_k3_n16.ra0.wcnf,39,FALSE,TRUE,TRUE
ramsey-ram_k3_n18.ra0.wcnf,60,FALSE,TRUE,TRUE
ramsey-ram_k3_n19.ra0.wcnf,75,FALSE,TRUE,TRUE
ramsey-ram_k4_n10.ra0.wcnf,0,FALSE,TRUE,FALSE
ramsey-ram_k4_n11.ra0.wcnf,0,FALSE,TRUE,FALSE
ramsey-ram_k4_n12.ra0.wcnf,0,FALSE,TRUE,FALSE
ramsey-ram_k4_n20.ra0.wcnf,24,FALSE,TRUE,TRUE
ramsey-ram_k4_n5.ra0.wcnf,0,FALSE,TRUE,FALSE
ramsey-ram_k4_n8.ra0.wcnf,0,FALSE,TRUE,FALSE
ramsey-ram_k5_n11.ra0.wcnf,0,FALSE,TRUE,FALSE
ramsey-ram_k5_n14.ra0.wcnf,0,FALSE,TRUE,FALSE
ramsey-ram_k5_n16.ra0.wcnf,0,FALSE,TRUE,FALSE
ramsey-ram_k5_n20.ra0.wcnf,0,FALSE,TRUE,FALSE
relational-inference_wt-ar-1.wcnf,25062,TRUE,FALSE,FALSE
relational-inference_wt-ar-2.wcnf,394748,TRUE,FALSE,TRUE
relational-inference_wt-ar-3.wcnf,43814,TRUE,FALSE,FALSE
relational-inference_wt-pa-1.wcnf,820,TRUE,FALSE,TRUE
relational-inference_wt-pa-2.wcnf,143,TRUE,FALSE,TRUE
relational-inference_wt-pa-3.wcnf,192,TRUE,FALSE,TRUE
relational-inference_wt-rc-2.wcnf,5722,TRUE,FALSE,FALSE
relational-inference_wt-rc-3.wcnf,5722,TRUE,FALSE,FALSE
rna-alignment_wt-k100-13-40.rna.pre.wcnf,1723,TRUE,FALSE,FALSE
rna-alignment_wt-k100-14-38.rna.pre.wcnf,1953,TRUE,FALSE,FALSE
rna-alignment_wt-k100-33-71.rna.pre.wcnf,1813,TRUE,FALSE,FALSE
rna-alignment_wt-k100-40-52.rna.pre.wcnf,1861,TRUE,FALSE,FALSE
rna-alignment_wt-k100-44-65.rna.pre.wcnf,1759,TRUE,FALSE,FALSE
rna-alignment_wt-k50-22-58.rna.pre.wcnf,484,TRUE,FALSE,FALSE
rna-alignment_wt-k50-37-46.rna.pre.wcnf,519,TRUE,FALSE,FALSE
rna-alignment_wt-random-dif-12.rna.pre.wcnf,785,TRUE,FALSE,FALSE
rna-alignment_wt-random-dif-13.rna.pre.wcnf,604,TRUE,FALSE,FALSE
rna-alignment_wt-random-dif-19.rna.pre.wcnf,432,TRUE,FALSE,FALSE
rna-alignment_wt-random-dif-5.rna.pre.wcnf,730,TRUE,FALSE,FALSE
rna-alignment_wt-random-same-10.rna.pre.wcnf,198,TRUE,FALSE,FALSE
rna-alignment_wt-random-same-12.rna.pre.wcnf,597,TRUE,FALSE,FALSE
rna-alignment_wt-random-same-22.rna.pre.wcnf,309,TRUE,FALSE,FALSE
rna-alignment_wt-random-same-25.rna.pre.wcnf,224,TRUE,FALSE,FALSE
rna-alignment-k50-23-49.rna.pre.wcnf,536,FALSE,TRUE,FALSE
rna-alignment-k50-40-60.rna.pre.wcnf,511,FALSE,TRUE,FALSE
rna-alignment-random-same-7.rna.pre.wcnf,272,FALSE,TRUE,FALSE
scheduling-cnf_10.wcnf,50,FALSE,TRUE,TRUE
scheduling-cnf_10_center.wcnf,159,FALSE,TRUE,TRUE
scheduling-cnf_12.wcnf,61,FALSE,TRUE,TRUE
scheduling-cnf_12_center.wcnf,237,FALSE,TRUE,TRUE
scheduling-cnf_small.wcnf,28,FALSE,TRUE,TRUE
SeanSafarpour-b15-bug-fourvec-gate-0.dimacs.seq.filtered.wcnf,4,FALSE,TRUE,TRUE
SeanSafarpour-c1_DD_s3_f1_e2_v1-bug-fourvec-gate-0.dimacs.seq.filtered.wcnf,4,FALSE,TRUE,FALSE
SeanSafarpour-c6_DD_s3_f1_e1_v1-bug-fourvec-gate-0.dimacs.seq.filtered.wcnf,4,FALSE,TRUE,FALSE
SeanSafarpour-divider-problem.dimacs_5.filtered.wcnf,2,FALSE,TRUE,FALSE
SeanSafarpour-fpu1-problem.dimacs_13.filtered.wcnf,1,FALSE,TRUE,FALSE
SeanSafarpour-mem_ctrl-problem.dimacs_27.filtered.wcnf,1,FALSE,TRUE,TRUE
SeanSafarpour-rsdecoder4.dimacs.filtered.wcnf,4,FALSE,TRUE,TRUE
SeanSafarpour-rsdecoder5.dimacs.filtered.wcnf,2,FALSE,TRUE,TRUE
SeanSafarpour-rsdecoder-problem.dimacs_34.filtered.wcnf,1,FALSE,TRUE,FALSE
SeanSafarpour-rsdecoder-problem.dimacs_37.filtered.wcnf,1,FALSE,TRUE,TRUE
SeanSafarpour-rsdecoder-problem.dimacs_39.filtered.wcnf,1,FALSE,TRUE,TRUE
SeanSafarpour-wb_4m8s1.dimacs.filtered.wcnf,33,FALSE,TRUE,TRUE
SeanSafarpour-wb_4m8s4.dimacs.filtered.wcnf,213,FALSE,TRUE,TRUE
SeanSafarpour-wb_conmax3.dimacs.filtered.wcnf,33,FALSE,TRUE,FALSE
SeanSafarpour-wb-problem.dimacs_45.filtered.wcnf,14,FALSE,TRUE,FALSE
setcover_wt-rail2536.wcnf,724,TRUE,FALSE,TRUE
setcover_wt-rail4284.wcnf,1120,TRUE,FALSE,TRUE
setcover_wt-rail4872.wcnf,1575,TRUE,FALSE,TRUE
setcover_wt-rail507.wcnf,174,TRUE,FALSE,TRUE
setcover_wt-rail516.wcnf,182,TRUE,FALSE,TRUE
setcover_wt-rail582.wcnf,211,TRUE,FALSE,TRUE
setcover-sts-data.135.wcnf,103,FALSE,TRUE,TRUE
setcover-sts-data.243.wcnf,198,FALSE,TRUE,TRUE
setcover-sts-data.405.wcnf,336,FALSE,TRUE,TRUE
setcover-sts-data.729.wcnf,617,FALSE,TRUE,TRUE
spot5_wt-1405.wcsp.dir.wcnf,459415,TRUE,FALSE,TRUE
spot5_wt-1405.wcsp.log.wcnf,459415,TRUE,FALSE,TRUE
spot5_wt-1407.wcsp.log.wcnf,459570,TRUE,FALSE,TRUE
spot5_wt-1502.wcsp.log.wcnf,28042,TRUE,FALSE,FALSE
spot5_wt-1504.wcsp.dir.wcnf,161287,TRUE,FALSE,FALSE
spot5_wt-29.wcsp.dir.wcnf,8059,TRUE,FALSE,FALSE
spot5_wt-29.wcsp.log.wcnf,8059,TRUE,FALSE,FALSE
spot5_wt-414.wcsp.dir.wcnf,38478,TRUE,FALSE,FALSE
spot5_wt-414.wcsp.log.wcnf,38478,TRUE,FALSE,FALSE
spot5_wt-42.wcsp.dir.wcnf,155050,TRUE,FALSE,FALSE
spot5_wt-5.wcsp.dir.wcnf,261,TRUE,FALSE,FALSE
spot5_wt-507.wcsp.dir.wcnf,27390,TRUE,FALSE,FALSE
spot5_wt-507.wcsp.log.wcnf,27390,TRUE,FALSE,FALSE
spot5_wt-509.wcsp.dir.wcnf,36446,TRUE,FALSE,FALSE
spot5_wt-8.wcsp.log.wcnf,2,TRUE,FALSE,FALSE
switchingactivitymaximization-SwitchingActivityMaximization_OpenRISC1200_100.wcnf,20,TRUE,FALSE,TRUE
switchingactivitymaximization-SwitchingActivityMaximization_OpenRISC1200_150.wcnf,66,TRUE,FALSE,TRUE
switchingactivitymaximization-SwitchingActivityMaximization_OpenRISC1200_200.wcnf,107,TRUE,FALSE,TRUE
switchingactivitymaximization-SwitchingActivityMaximization_OpenRISC1200_66.wcnf,2,TRUE,FALSE,TRUE
switchingactivitymaximization-SwitchingActivityMaximization_OpenRISC1200_68.wcnf,9,TRUE,FALSE,TRUE
switchingactivitymaximization-SwitchingActivityMaximization_OpenRISC1200_70.wcnf,6,TRUE,FALSE,TRUE
switchingactivitymaximization-SwitchingActivityMaximization_OpenRISC1200_74.wcnf,16,TRUE,FALSE,TRUE
switchingactivitymaximization-SwitchingActivityMaximization_OpenRISC1200_76.wcnf,10,TRUE,FALSE,TRUE
switchingactivitymaximization-SwitchingActivityMaximization_OpenRISC1200_80.wcnf,12,TRUE,FALSE,TRUE
synplicate_new-synplicate_complete_tree_arity2_feature_4_size_10_ms_0_25_0_erm.wcnf,250,TRUE,FALSE,TRUE
synplicate_new-synplicate_complete_tree_arity2_feature_4_size_11_ms_0_25_0_erm.wcnf,224,TRUE,FALSE,TRUE
synplicate_new-synplicate_complete_tree_arity2_feature_4_size_6_ms_0_25_0_erm.wcnf,336,TRUE,FALSE,TRUE
synplicate_new-synplicate_complete_tree_arity2_feature_4_size_8_ms_0_25_0_erm.wcnf,318,TRUE,FALSE,TRUE
synplicate_new-synplicate_complete_tree_arity2_feature_4_size_9_ms_0_25_0_erm.wcnf,281,TRUE,FALSE,TRUE
synplicate_new-synplicate_complete_tree_arity3_feature_3_size_10_ms_0_25_0_erm.wcnf,182,TRUE,FALSE,TRUE
synplicate_new-synplicate_complete_tree_arity3_feature_3_size_11_ms_0_25_0_erm.wcnf,126,TRUE,FALSE,TRUE
synplicate_new-synplicate_complete_tree_arity3_feature_3_size_5_ms_0_25_0_erm.wcnf,311,TRUE,FALSE,TRUE
synplicate_new-synplicate_complete_tree_arity3_feature_3_size_8_ms_0_25_0_erm.wcnf,244,TRUE,FALSE,TRUE
synplicate_new-synplicate_complete_tree_arity3_feature_4_size_10_ms_0_25_0_erm.wcnf,574,TRUE,FALSE,TRUE
synplicate_new-synplicate_complete_tree_arity3_feature_4_size_12_ms_0_25_0_erm.wcnf,606,TRUE,FALSE,TRUE
synplicate_new-synplicate_complete_tree_arity3_feature_4_size_5_ms_0_25_0_erm.wcnf,506,TRUE,FALSE,TRUE
synplicate_new-synplicate_complete_tree_arity3_feature_4_size_6_ms_0_25_0_erm.wcnf,521,TRUE,FALSE,TRUE
synplicate_new-synplicate_complete_tree_arity5_feature_3_size_7_ms_0_25_0_erm.wcnf,472,TRUE,FALSE,TRUE
synplicate_new-synplicate_synthetic_dag_run1_14_size_5_ms_0_25_0_erm.wcnf,208,TRUE,FALSE,TRUE
synplicate_new-synplicate_synthetic_dag_run1_14_size_6_ms_0_25_0_erm.wcnf,213,TRUE,FALSE,TRUE
synplicate_new-synplicate_synthetic_dag_run1_16_size_4_ms_0_25_0_erm.wcnf,147,TRUE,FALSE,TRUE
synplicate_new-synplicate_synthetic_dag_run1_17_size_5_ms_0_25_0_erm.wcnf,66,TRUE,FALSE,TRUE
synplicate_new-synplicate_synthetic_dag_run2_0_size_10_ms_26_50_0_erm.wcnf,892,TRUE,FALSE,TRUE
synplicate_new-synplicate_synthetic_dag_run2_10_size_11_ms_26_50_0_erm.wcnf,518,TRUE,FALSE,TRUE
synplicate_new-synplicate_synthetic_dag_run2_11_size_10_ms_26_50_0_erm.wcnf,400,TRUE,FALSE,TRUE
synplicate_new-synplicate_synthetic_dag_run2_12_size_8_ms_26_50_0_erm.wcnf,413,TRUE,FALSE,TRUE
synplicate_new-synplicate_synthetic_dag_run2_13_size_11_ms_26_50_0_erm.wcnf,567,TRUE,FALSE,TRUE
synplicate_new-synplicate_synthetic_dag_run2_16_size_9_ms_26_50_0_erm.wcnf,398,TRUE,FALSE,TRUE
synplicate_new-synplicate_synthetic_dag_run2_17_size_10_ms_26_50_0_erm.wcnf,810,TRUE,FALSE,TRUE
synplicate-AutoTaxi-run1-ms_0_80_0.9099099099099099_erm.wcnf,184,TRUE,FALSE,FALSE
synplicate-AutoTaxi-run2-ms_0_20_0.9429429429429429_erm.wcnf,256,TRUE,FALSE,FALSE
synplicate-AutoTaxi-run2-ms_0_50_0.9429429429429429_erm.wcnf,210,TRUE,FALSE,FALSE
synplicate-AutoTaxi-run2-ms_0_59_0.9429429429429429_erm.wcnf,201,TRUE,FALSE,FALSE
synplicate-AutoTaxi-run3-ms_0_80_0.89_erm.wcnf,173,TRUE,FALSE,FALSE
synplicate-AutoTaxi-run3-ms_0_86_0.85_erm.wcnf,171,TRUE,FALSE,FALSE
synplicate-AutoTaxi-run4-ms_0_60_0.9569230769230769_erm.wcnf,317,TRUE,FALSE,FALSE
synplicate-BankLoan-run3-ms_0_71_0.8465753424657534_erm.wcnf,243,TRUE,FALSE,FALSE
synplicate-BankLoan-run4-ms_0_59_0.9325657894736842_erm.wcnf,257,TRUE,FALSE,FALSE
synplicate-TheoremProver-run1-ms_0_92_0.8272727272727273_erm.wcnf,297,TRUE,FALSE,FALSE
synplicate-TheoremProver-run2-ms_0_35_0.8962025316455696_erm.wcnf,322,TRUE,FALSE,FALSE
synplicate-TheoremProver-run2-ms_0_47_0.8962025316455696_erm.wcnf,310,TRUE,FALSE,FALSE
synplicate-TheoremProver-run2-ms_0_68_0.8658227848101265_erm.wcnf,289,TRUE,FALSE,FALSE
synplicate-TheoremProver-run3-ms_0_53_0.8771653543307086_erm.wcnf,305,TRUE,FALSE,FALSE
synplicate-TheoremProver-run3-ms_0_74_0.8488188976377953_erm.wcnf,284,TRUE,FALSE,FALSE
tcp_wt-tcp_students_112_it_10.wcnf,3624,TRUE,FALSE,FALSE
tcp_wt-tcp_students_112_it_13.wcnf,2958,TRUE,FALSE,TRUE
tcp_wt-tcp_students_112_it_14.wcnf,3663,TRUE,FALSE,FALSE
tcp_wt-tcp_students_112_it_5.wcnf,3366,TRUE,FALSE,TRUE
tcp_wt-tcp_students_112_it_7.wcnf,3513,TRUE,FALSE,FALSE
tcp_wt-tcp_students_112_it_8.wcnf,3552,TRUE,FALSE,FALSE
tcp_wt-tcp_students_91_it_11.wcnf,2766,TRUE,FALSE,FALSE
tcp_wt-tcp_students_91_it_13.wcnf,2730,TRUE,FALSE,TRUE
tcp_wt-tcp_students_91_it_14.wcnf,2208,TRUE,FALSE,FALSE
tcp_wt-tcp_students_91_it_6.wcnf,2877,TRUE,FALSE,FALSE
tcp_wt-tcp_students_91_it_8.wcnf,3177,TRUE,FALSE,FALSE
tcp_wt-tcp_students_98_it_11.wcnf,2694,TRUE,FALSE,TRUE
tcp_wt-tcp_students_98_it_12.wcnf,2994,TRUE,FALSE,FALSE
tcp_wt-tcp_students_98_it_7.wcnf,3363,TRUE,FALSE,FALSE
tcp_wt-tcp_students_98_it_8.wcnf,2727,TRUE,FALSE,FALSE
timetabling_wt-comp02.wcnf,24,TRUE,FALSE,TRUE
timetabling_wt-comp04.lp.sm-extracted.wcnf,18,TRUE,FALSE,FALSE
timetabling_wt-comp06.wcnf,27,TRUE,FALSE,TRUE
timetabling_wt-comp07.lp.sm-extracted.wcnf,3,TRUE,FALSE,TRUE
timetabling_wt-comp07.wcnf,6,TRUE,FALSE,TRUE
timetabling_wt-comp09.wcnf,96,TRUE,FALSE,TRUE
timetabling_wt-comp10.wcnf,4,TRUE,FALSE,TRUE
timetabling_wt-comp14.wcnf,51,TRUE,FALSE,FALSE
timetabling_wt-comp16.wcnf,18,TRUE,FALSE,FALSE
timetabling_wt-comp19.wcnf,57,TRUE,FALSE,FALSE
timetabling_wt-comp21.wcnf,74,TRUE,FALSE,TRUE
timetabling_wt-EA12.lp.sm-extracted.wcnf,2,TRUE,FALSE,FALSE
timetabling_wt-test4.wcnf,134,TRUE,FALSE,TRUE
treewidth-computation-TWComp_1dj7_N73.wcnf,26,FALSE,TRUE,TRUE
treewidth-computation-TWComp_1en2_N69.wcnf,16,FALSE,TRUE,TRUE
treewidth-computation-TWComp_alarm_N37.wcnf,4,FALSE,TRUE,FALSE
treewidth-computation-TWComp_barle_N48.wcnf,7,FALSE,TRUE,FALSE
treewidth-computation-TWComp_barley2_N48.wcnf,7,FALSE,TRUE,FALSE
treewidth-computation-TWComp_celar02_N100.wcnf,10,FALSE,TRUE,FALSE
treewidth-computation-TWComp_david_N87.wcnf,13,FALSE,TRUE,FALSE
treewidth-computation-TWComp_david-pp_N29.wcnf,13,FALSE,TRUE,FALSE
treewidth-computation-TWComp_hailfinder_N56.wcnf,4,FALSE,TRUE,FALSE
treewidth-computation-TWComp_mulsol.i.5-pp_N119.wcnf,31,FALSE,TRUE,TRUE
treewidth-computation-TWComp_myciel4_N23.wcnf,10,FALSE,TRUE,FALSE
treewidth-computation-TWComp_oesoca4_N42.wcnf,3,FALSE,TRUE,FALSE
treewidth-computation-TWComp_queen5_5_N25.wcnf,18,FALSE,TRUE,TRUE
treewidth-computation-TWComp_ship-ship-pp_N30.wcnf,8,FALSE,TRUE,FALSE
treewidth-computation-TWComp_water_N32.wcnf,9,FALSE,TRUE,FALSE
upgradeability_wt-mancoosi-test-i1000d0u98-2.wcnf,77059701,TRUE,FALSE,FALSE
upgradeability_wt-mancoosi-test-i10d0u98-0.wcnf,1780760,TRUE,FALSE,FALSE
upgradeability_wt-mancoosi-test-i10d0u98-16.wcnf,1780806,TRUE,FALSE,FALSE
upgradeability_wt-mancoosi-test-i10d0u98-9.wcnf,1780767,TRUE,FALSE,FALSE
upgradeability_wt-mancoosi-test-i20d0u98-0.wcnf,1780797,TRUE,FALSE,FALSE
upgradeability_wt-mancoosi-test-i3000d0u98-73.wcnf,527875592,TRUE,FALSE,FALSE
upgradeability_wt-mancoosi-test-i4000d0u98-84.wcnf,858696784,TRUE,FALSE,FALSE
upgradeability_wt-mancoosi-test-i4000d0u98-92.wcnf,723402933,TRUE,FALSE,FALSE
upgradeability_wt-mancoosi-test-i4000d0u98-93.wcnf,678268636,TRUE,FALSE,FALSE
upgradeability_wt-mancoosi-test-i4000d0u98-94.wcnf,843524790,TRUE,FALSE,FALSE
upgradeability_wt-mancoosi-test-i40d0u98-7.wcnf,1780807,TRUE,FALSE,FALSE
upgradeability_wt-rand196_l2.wcnf,2285302,TRUE,FALSE,FALSE
upgradeability_wt-rand30_l1.wcnf,531473,TRUE,FALSE,FALSE
upgradeability_wt-rand653_l2.wcnf,1851319,TRUE,FALSE,FALSE
upgradeability_wt-rand717_l2.wcnf,2205487,TRUE,FALSE,FALSE
vpa-UAutomizer_Addition01_true-unreach-call_true-no-overflow_true-termination.c_Abstraction1.wcnf,681,FALSE,TRUE,FALSE
vpa-UAutomizer_AliasDarteFeautrierGonnord-SAS2010-speedpldi2_true-termination_true-no-overflow.c_Abstraction1.wcnf,201,FALSE,TRUE,FALSE
vpa-UAutomizer_array08_alloca_true-termination.c.i_Abstraction1.wcnf,883,FALSE,TRUE,FALSE
vpa-UAutomizer_array12_alloca_true-termination.c.i_Abstraction1.wcnf,696,FALSE,TRUE,FALSE
vpa-UAutomizer_c.03-alloca_true-termination_true-no-overflow.c.i_Abstraction3.wcnf,4588,FALSE,TRUE,FALSE
vpa-UAutomizer_cll_search-alloca_false-termination.c.i_Abstraction1.wcnf,1363,FALSE,TRUE,FALSE
vpa-UAutomizer_CookSeeZuleger-TACAS2013-Fig7a_true-termination_true-no-overflow.c_Abstraction1.wcnf,105,FALSE,TRUE,FALSE
vpa-UAutomizer_count_up_alloca_true-termination.c.i_Abstraction1.wcnf,808,FALSE,TRUE,FALSE
vpa-UAutomizer_GopanReps-CAV2006-Fig1a_true-termination_true-no-overflow.c.c_Abstraction1.wcnf,617,FALSE,TRUE,FALSE
vpa-UAutomizer_ll_append-alloca_false-termination.c.i_Abstraction1.wcnf,4166,FALSE,TRUE,FALSE
vpa-UAutomizer_LogAG_true-termination_true-no-overflow.c_Abstraction2.wcnf,118,FALSE,TRUE,FALSE
vpa-UAutomizer_NarrowKonv_false-termination_true-no-overflow.c_Abstraction2.wcnf,843,FALSE,TRUE,FALSE
vpa-UAutomizer_nondet_ll_search-alloca_true-termination.c.i_Abstraction1.wcnf,1421,FALSE,TRUE,FALSE
vpa-UAutomizer_seq_true-unreach-call_true-termination.i_Abstraction1.wcnf,299,FALSE,TRUE,FALSE
vpa-UAutomizer_Sunset_false-termination_true-no-overflow.c_Abstraction1.wcnf,733,FALSE,TRUE,FALSE
warehouses_wt-cap131.wcsp.wcnf,7934385,TRUE,FALSE,FALSE
warehouses_wt-cap132.wcsp.wcnf,8514942,TRUE,FALSE,FALSE
warehouses_wt-cap71.wcsp.wcnf,9326144,TRUE,FALSE,FALSE
warehouses_wt-cap72.wcsp.wcnf,9777981,TRUE,FALSE,FALSE
warehouses_wt-cap91.wcsp.wcnf,7966472,TRUE,FALSE,FALSE
warehouses_wt-cap92.wcsp.wcnf,8547029,TRUE,FALSE,FALSE
warehouses_wt-warehouse0.wcsp.wcnf,328,TRUE,FALSE,FALSE
warehouses_wt-warehouse1.wcsp.wcnf,730567,TRUE,FALSE,FALSE
wqueens-wqueens10_8.wcsp.dir.wcnf,4,FALSE,TRUE,FALSE
wqueens-wqueens12_10.wcsp.dir.wcnf,4,FALSE,TRUE,FALSE
wqueens-wqueens14_12.wcsp.dir.wcnf,4,FALSE,TRUE,FALSE
wqueens-wqueens16_14.wcsp.dir.wcnf,5,FALSE,TRUE,FALSE
wqueens-wqueens18_16.wcsp.dir.wcnf,6,FALSE,TRUE,FALSE
wqueens-wqueens6_4.wcsp.dir.wcnf,2,FALSE,TRUE,FALSE
wqueens-wqueens8_6.wcsp.dir.wcnf,1,FALSE,TRUE,FALSE
xai-mindset2-appendicitis.wcnf,56,FALSE,TRUE,FALSE
xai-mindset2-australian.wcnf,471,FALSE,TRUE,TRUE
xai-mindset2-cleveland-nominal.wcnf,228,FALSE,TRUE,TRUE
xai-mindset2-colic.wcnf,152,FALSE,TRUE,TRUE
xai-mindset2-corral.wcnf,12,FALSE,TRUE,FALSE
xai-mindset2-ecoli.wcnf,510,FALSE,TRUE,TRUE
xai-mindset2-hepatitis.wcnf,58,FALSE,TRUE,FALSE
xai-mindset2-house-votes-84.wcnf,74,FALSE,TRUE,TRUE
xai-mindset2-iris.wcnf,87,FALSE,TRUE,FALSE
xai-mindset2-lymphography.wcnf,52,FALSE,TRUE,TRUE
xai-mindset2-new-thyroid.wcnf,126,FALSE,TRUE,FALSE
xai-mindset2-postoperative-patient-data.wcnf,62,FALSE,TRUE,TRUE
xai-mindset2-promoters.wcnf,92,FALSE,TRUE,FALSE
xai-mindset2-titanic.wcnf,7,FALSE,TRUE,FALSE
xai-mindset2-zoo.wcnf,20,FALSE,TRUE,FALSE
